Title,Price,Image URL,Product URL,Description,SKU,Stock
Bulbasaur,£63.00,https://scrapeme.live/wp-content/uploads/2018/08/001-350x350.png,https://scrapeme.live/shop/Bulbasaur/,"Bulbasaur can be seen napping in bright sunlight. There is a seed on its back. By soaking up the sun’s rays, the seed grows progressively larger.",4391,45 in stock
Ivysaur,£87.00,https://scrapeme.live/wp-content/uploads/2018/08/002-350x350.png,https://scrapeme.live/shop/Ivysaur/,"There is a bud on this Pokémon’s back. To support its weight, Ivysaur’s legs and trunk grow thick and strong. If it starts spending more time lying in the sunlight, it’s a sign that the bud will bloom into a large flower soon.",7227,142 in stock
Venusaur,£105.00,https://scrapeme.live/wp-content/uploads/2018/08/003-350x350.png,https://scrapeme.live/shop/Venusaur/,There is a large flower on Venusaur’s back. The flower is said to take on vivid colors if it gets plenty of nutrition and sunlight. The flower’s aroma soothes the emotions of people.,7036,30 in stock
Charmander,£48.00,https://scrapeme.live/wp-content/uploads/2018/08/004-350x350.png,https://scrapeme.live/shop/Charmander/,"The flame that burns at the tip of its tail is an indication of its emotions. The flame wavers when Charmander is enjoying itself. If the Pokémon becomes enraged, the flame burns fiercely.",9086,206 in stock
Charmeleon,£165.00,https://scrapeme.live/wp-content/uploads/2018/08/005-350x350.png,https://scrapeme.live/shop/Charmeleon/,"Charmeleon mercilessly destroys its foes using its sharp claws. If it encounters a strong foe, it turns aggressive. In this excited state, the flame at the tip of its tail flares with a bluish white color.",6565,284 in stock
Charizard,£156.00,https://scrapeme.live/wp-content/uploads/2018/08/006-350x350.png,https://scrapeme.live/shop/Charizard/,"Charizard flies around the sky in search of powerful opponents. It breathes fire of such great heat that it melts anything. However, it never turns its fiery breath on any opponent weaker than itself.",8840,31 in stock
Squirtle,£130.00,https://scrapeme.live/wp-content/uploads/2018/08/007-350x350.png,https://scrapeme.live/shop/Squirtle/,"Squirtle’s shell is not merely used for protection. The shell’s rounded shape and the grooves on its surface help minimize resistance in water, enabling this Pokémon to swim at high speeds.",6094,178 in stock
Wartortle,£123.00,https://scrapeme.live/wp-content/uploads/2018/08/008-350x350.png,https://scrapeme.live/shop/Wartortle/,"Its tail is large and covered with a rich, thick fur. The tail becomes increasingly deeper in color as Wartortle ages. The scratches on its shell are evidence of this Pokémon’s toughness as a battler.",9659,24 in stock
Blastoise,£76.00,https://scrapeme.live/wp-content/uploads/2018/08/009-350x350.png,https://scrapeme.live/shop/Blastoise/,Blastoise has water spouts that protrude from its shell. The water spouts are very accurate. They can shoot bullets of water with enough accuracy to strike empty cans from a distance of over 160 feet.,5212,88 in stock
Caterpie,£73.00,https://scrapeme.live/wp-content/uploads/2018/08/010-350x350.png,https://scrapeme.live/shop/Caterpie/,"Caterpie has a voracious appetite. It can devour leaves bigger than its body right before your eyes. From its antenna, this Pokémon releases a terrifically strong odor.",7492,40 in stock
Metapod,£148.00,https://scrapeme.live/wp-content/uploads/2018/08/011-350x350.png,https://scrapeme.live/shop/Metapod/,The shell covering this Pokémon’s body is as hard as an iron slab. Metapod does not move very much. It stays still because it is preparing its soft innards for evolution inside the hard shell.,2072,285 in stock
Butterfree,£162.00,https://scrapeme.live/wp-content/uploads/2018/08/012-350x350.png,https://scrapeme.live/shop/Butterfree/,"Butterfree has a superior ability to search for delicious honey from flowers. It can even search out, extract, and carry honey from flowers that are blooming over six miles from its nest.",9507,242 in stock
Weedle,£25.00,https://scrapeme.live/wp-content/uploads/2018/08/013-350x350.png,https://scrapeme.live/shop/Weedle/,Weedle has an extremely acute sense of smell. It is capable of distinguishing its favorite kinds of leaves from those it dislikes just by sniffing with its big red proboscis (nose).,7525,65 in stock
Kakuna,£148.00,https://scrapeme.live/wp-content/uploads/2018/08/014-350x350.png,https://scrapeme.live/shop/Kakuna/,"Kakuna remains virtually immobile as it clings to a tree. However, on the inside, it is extremely busy as it prepares for its coming evolution. This is evident from how hot the shell becomes to the touch.",1049,260 in stock
Beedrill,£168.00,https://scrapeme.live/wp-content/uploads/2018/08/015-350x350.png,https://scrapeme.live/shop/Beedrill/,"Beedrill is extremely territorial. No one should ever approach its nest—this is for their own safety. If angered, they will attack in a furious swarm.",6542,125 in stock
Pidgey,£159.00,https://scrapeme.live/wp-content/uploads/2018/08/016-350x350.png,https://scrapeme.live/shop/Pidgey/,"Pidgey has an extremely sharp sense of direction. It is capable of unerringly returning home to its nest, however far it may be removed from its familiar surroundings.",9452,175 in stock
Pidgeotto,£84.00,https://scrapeme.live/wp-content/uploads/2018/08/017-350x350.png,https://scrapeme.live/shop/Pidgeotto/,"Pidgeotto claims a large area as its own territory. This Pokémon flies around, patrolling its living space. If its territory is violated, it shows no mercy in thoroughly punishing the foe with its sharp claws.",1150,120 in stock
Pidgeot,£185.00,https://scrapeme.live/wp-content/uploads/2018/08/018-350x350.png,https://scrapeme.live/shop/Pidgeot/,"This Pokémon has a dazzling plumage of beautifully glossy feathers. Many Trainers are captivated by the striking beauty of the feathers on its head, compelling them to choose Pidgeot as their Pokémon.",8462,90 in stock
Rattata,£128.00,https://scrapeme.live/wp-content/uploads/2018/08/019-350x350.png,https://scrapeme.live/shop/Rattata/,"Rattata is cautious in the extreme. Even while it is asleep, it constantly listens by moving its ears around. It is not picky about where it lives—it will make its nest anywhere.",1009,16 in stock
Raticate,£60.00,https://scrapeme.live/wp-content/uploads/2018/08/020-350x350.png,https://scrapeme.live/shop/Raticate/,"Raticate’s sturdy fangs grow steadily. To keep them ground down, it gnaws on rocks and logs. It may even chew on the walls of houses.",5745,204 in stock
Spearow,£133.00,https://scrapeme.live/wp-content/uploads/2018/08/021-350x350.png,https://scrapeme.live/shop/Spearow/,"Spearow has a very loud cry that can be heard over half a mile away. If its high, keening cry is heard echoing all around, it is a sign that they are warning each other of danger.",1591,46 in stock
Fearow,£95.00,https://scrapeme.live/wp-content/uploads/2018/08/022-350x350.png,https://scrapeme.live/shop/Fearow/,Fearow is recognized by its long neck and elongated beak. They are conveniently shaped for catching prey in soil or water. It deftly moves its long and skinny beak to pluck prey.,9127,276 in stock
Ekans,£55.00,https://scrapeme.live/wp-content/uploads/2018/08/023-350x350.png,https://scrapeme.live/shop/Ekans/,Ekans curls itself up in a spiral while it rests. Assuming this position allows it to quickly respond to a threat from any direction with a glare from its upraised head.,5690,120 in stock
Arbok,£182.00,https://scrapeme.live/wp-content/uploads/2018/08/024-350x350.png,https://scrapeme.live/shop/Arbok/,"This Pokémon is terrifically strong in order to constrict things with its body. It can even flatten steel oil drums. Once Arbok wraps its body around its foe, escaping its crunching embrace is impossible.",9230,248 in stock
Pikachu,£37.00,https://scrapeme.live/wp-content/uploads/2018/08/025-350x350.png,https://scrapeme.live/shop/Pikachu/,This Pokémon has electricity-storing pouches on its cheeks. These appear to become electrically charged during the night while Pikachu sleeps. It occasionally discharges electricity when it is dozy after waking up.,1333,254 in stock
Raichu,£140.00,https://scrapeme.live/wp-content/uploads/2018/08/026-350x350.png,https://scrapeme.live/shop/Raichu/,This Pokémon exudes a weak electrical charge from all over its body that makes it take on a slight glow in darkness. Raichu plants its tail in the ground to discharge electricity.,3488,215 in stock
Sandshrew,£82.00,https://scrapeme.live/wp-content/uploads/2018/08/027-350x350.png,https://scrapeme.live/shop/Sandshrew/,"Sandshrew has a very dry hide that is extremely tough. The Pokémon can roll into a ball that repels any attack. At night, it burrows into the desert sand to sleep.",9134,100 in stock
Sandslash,£155.00,https://scrapeme.live/wp-content/uploads/2018/08/028-350x350.png,https://scrapeme.live/shop/Sandslash/,"Sandslash can roll up its body as if it were a ball covered with large spikes. In battle, this Pokémon will try to make the foe flinch by jabbing it with its spines. It then leaps at the stunned foe to tear wildly with its sharp claws.",4747,236 in stock
Nidorina,£28.00,https://scrapeme.live/wp-content/uploads/2018/08/030-350x350.png,https://scrapeme.live/shop/Nidorina/,"When Nidorina are with their friends or family, they keep their barbs tucked away to prevent hurting each other. This Pokémon appears to become nervous if separated from the others.",9779,58 in stock
Nidoqueen,£106.00,https://scrapeme.live/wp-content/uploads/2018/08/031-350x350.png,https://scrapeme.live/shop/Nidoqueen/,Nidoqueen’s body is encased in extremely hard scales. It is adept at sending foes flying with harsh tackles. This Pokémon is at its strongest when it is defending its young.,6614,153 in stock
Nidorino,£179.00,https://scrapeme.live/wp-content/uploads/2018/08/033-350x350.png,https://scrapeme.live/shop/Nidorino/,"Nidorino has a horn that is harder than a diamond. If it senses a hostile presence, all the barbs on its back bristle up at once, and it challenges the foe with all its might.",9646,279 in stock
Nidoking,£31.00,https://scrapeme.live/wp-content/uploads/2018/08/034-350x350.png,https://scrapeme.live/shop/Nidoking/,"Nidoking’s thick tail packs enormously destructive power. With one swing, it can topple a metal transmission tower. Once this Pokémon goes on a rampage, there is no stopping it.",1159,178 in stock
Clefairy,£160.00,https://scrapeme.live/wp-content/uploads/2018/08/035-350x350.png,https://scrapeme.live/shop/Clefairy/,"On every night of a full moon, groups of this Pokémon come out to play. When dawn arrives, the tired Clefairy return to their quiet mountain retreats and go to sleep nestled up against each other.",3259,86 in stock
Clefable,£188.00,https://scrapeme.live/wp-content/uploads/2018/08/036-350x350.png,https://scrapeme.live/shop/Clefable/,"Clefable moves by skipping lightly as if it were flying using its wings. Its bouncy step lets it even walk on water. It is known to take strolls on lakes on quiet, moonlit nights.",9786,23 in stock
Vulpix,£85.00,https://scrapeme.live/wp-content/uploads/2018/08/037-350x350.png,https://scrapeme.live/shop/Vulpix/,"Inside Vulpix’s body burns a flame that never goes out. During the daytime, when the temperatures rise, this Pokémon releases flames from its mouth to prevent its body from growing too hot.",1440,268 in stock
Ninetales,£52.00,https://scrapeme.live/wp-content/uploads/2018/08/038-350x350.png,https://scrapeme.live/shop/Ninetales/,Legend has it that Ninetales came into being when nine wizards possessing sacred powers merged into one. This Pokémon is highly intelligent—it can understand human speech.,5173,215 in stock
Jigglypuff,£61.00,https://scrapeme.live/wp-content/uploads/2018/08/039-350x350.png,https://scrapeme.live/shop/Jigglypuff/,"When this Pokémon sings, it never pauses to breathe. If it is in a battle against an opponent that does not easily fall asleep, Jigglypuff cannot breathe, endangering its life.",9180,136 in stock
Wigglytuff,£130.00,https://scrapeme.live/wp-content/uploads/2018/08/040-350x350.png,https://scrapeme.live/shop/Wigglytuff/,"Wigglytuff’s body is very flexible. By inhaling deeply, this Pokémon can inflate itself seemingly without end. Once inflated, Wigglytuff bounces along lightly like a balloon.",2733,260 in stock
Zubat,£125.00,https://scrapeme.live/wp-content/uploads/2018/08/041-350x350.png,https://scrapeme.live/shop/Zubat/,"Zubat avoids sunlight because exposure causes it to become unhealthy. During the daytime, it stays in caves or under the eaves of old houses, sleeping while hanging upside down.",2584,154 in stock
Golbat,£136.00,https://scrapeme.live/wp-content/uploads/2018/08/042-350x350.png,https://scrapeme.live/shop/Golbat/,"Golbat bites down on prey with its four fangs and drinks the victim’s blood. It becomes active on inky dark moonless nights, flying around to attack people and Pokémon.",5941,52 in stock
Oddish,£45.00,https://scrapeme.live/wp-content/uploads/2018/08/043-350x350.png,https://scrapeme.live/shop/Oddish/,"Oddish searches for fertile, nutrient-rich soil, then plants itself. During the daytime, while it is planted, this Pokémon’s feet are thought to change shape and become similar to the roots of trees.",8337,296 in stock
Gloom,£178.00,https://scrapeme.live/wp-content/uploads/2018/08/044-350x350.png,https://scrapeme.live/shop/Gloom/,"From its mouth Gloom drips honey that smells absolutely horrible. Apparently, it loves the horrid stench. It sniffs the noxious fumes and then drools even more of its honey.",7374,74 in stock
Vileplume,£170.00,https://scrapeme.live/wp-content/uploads/2018/08/045-350x350.png,https://scrapeme.live/shop/Vileplume/,"Vileplume has the world’s largest petals. They are used to attract prey that are then doused with toxic spores. Once the prey are immobilized, this Pokémon catches and devours them.",5295,283 in stock
Paras,£168.00,https://scrapeme.live/wp-content/uploads/2018/08/046-350x350.png,https://scrapeme.live/shop/Paras/,Paras has parasitic mushrooms growing on its back called tochukaso. They grow large by drawing nutrients from this Bug Pokémon host. They are highly valued as a medicine for extending life.,9691,192 in stock
Parasect,£27.00,https://scrapeme.live/wp-content/uploads/2018/08/047-350x350.png,https://scrapeme.live/shop/Parasect/,"Parasect is known to infest large trees en masse and drain nutrients from the lower trunk and roots. When an infested tree dies, they move onto another tree all at once.",4612,17 in stock
Venonat,£158.00,https://scrapeme.live/wp-content/uploads/2018/08/048-350x350.png,https://scrapeme.live/shop/Venonat/,"Venonat is said to have evolved with a coat of thin, stiff hair that covers its entire body for protection. It possesses large eyes that never fail to spot even minuscule prey.",1329,177 in stock
Venomoth,£53.00,https://scrapeme.live/wp-content/uploads/2018/08/049-350x350.png,https://scrapeme.live/shop/Venomoth/,"Venomoth is nocturnal—it is a Pokémon that only becomes active at night. Its favorite prey are small insects that gather around streetlights, attracted by the light in the darkness.",3503,22 in stock
Diglett,£122.00,https://scrapeme.live/wp-content/uploads/2018/08/050-350x350.png,https://scrapeme.live/shop/Diglett/,"Diglett are raised in most farms. The reason is simple— wherever this Pokémon burrows, the soil is left perfectly tilled for planting crops. This soil is made ideal for growing delicious vegetables.",4383,227 in stock
Dugtrio,£111.00,https://scrapeme.live/wp-content/uploads/2018/08/051-350x350.png,https://scrapeme.live/shop/Dugtrio/,"Dugtrio are actually triplets that emerged from one body. As a result, each triplet thinks exactly like the other two triplets. They work cooperatively to burrow endlessly.",7897,290 in stock
Meowth,£131.00,https://scrapeme.live/wp-content/uploads/2018/08/052-350x350.png,https://scrapeme.live/shop/Meowth/,"Meowth withdraws its sharp claws into its paws to slinkily sneak about without making any incriminating footsteps. For some reason, this Pokémon loves shiny coins that glitter with light.",9594,203 in stock
Persian,£200.00,https://scrapeme.live/wp-content/uploads/2018/08/053-350x350.png,https://scrapeme.live/shop/Persian/,Persian has six bold whiskers that give it a look of toughness. The whiskers sense air movements to determine what is in the Pokémon’s surrounding vicinity. It becomes docile if grabbed by the whiskers.,3752,108 in stock
Psyduck,£182.00,https://scrapeme.live/wp-content/uploads/2018/08/054-350x350.png,https://scrapeme.live/shop/Psyduck/,"If it uses its mysterious power, Psyduck can’t remember having done so. It apparently can’t form a memory of such an event because it goes into an altered state that is much like deep sleep.",6470,214 in stock
Golduck,£31.00,https://scrapeme.live/wp-content/uploads/2018/08/055-350x350.png,https://scrapeme.live/shop/Golduck/,"Golduck is the fastest swimmer among all Pokémon. It swims effortlessly, even in a rough, stormy sea. It sometimes rescues people from wrecked ships floundering in high seas.",8764,278 in stock
Mankey,£125.00,https://scrapeme.live/wp-content/uploads/2018/08/056-350x350.png,https://scrapeme.live/shop/Mankey/,"When Mankey starts shaking and its nasal breathing turns rough, it’s a sure sign that it is becoming angry. However, because it goes into a towering rage almost instantly, it is impossible for anyone to flee its wrath.",5180,209 in stock
Primeape,£86.00,https://scrapeme.live/wp-content/uploads/2018/08/057-350x350.png,https://scrapeme.live/shop/Primeape/,"When Primeape becomes furious, its blood circulation is boosted. In turn, its muscles are made even stronger. However, it also becomes much less intelligent at the same time.",3052,68 in stock
Growlithe,£30.00,https://scrapeme.live/wp-content/uploads/2018/08/058-350x350.png,https://scrapeme.live/shop/Growlithe/,"Growlithe has a superb sense of smell. Once it smells anything, this Pokémon won’t forget the scent, no matter what. It uses its advanced olfactory sense to determine the emotions of other living things.",1749,243 in stock
Arcanine,£69.00,https://scrapeme.live/wp-content/uploads/2018/08/059-350x350.png,https://scrapeme.live/shop/Arcanine/,"Arcanine is known for its high speed. It is said to be capable of running over 6,200 miles in a single day and night. The fire that blazes wildly within this Pokémon’s body is its source of power.",9267,14 in stock
Poliwag,£174.00,https://scrapeme.live/wp-content/uploads/2018/08/060-350x350.png,https://scrapeme.live/shop/Poliwag/,"Poliwag has a very thin skin. It is possible to see the Pokémon’s spiral innards right through the skin. Despite its thinness, however, the skin is also very flexible. Even sharp fangs bounce right off it.",6402,217 in stock
Poliwhirl,£121.00,https://scrapeme.live/wp-content/uploads/2018/08/061-350x350.png,https://scrapeme.live/shop/Poliwhirl/,"The surface of Poliwhirl’s body is always wet and slick with a slimy fluid. Because of this slippery covering, it can easily slip and slide out of the clutches of any enemy in battle.",4447,139 in stock
Poliwrath,£152.00,https://scrapeme.live/wp-content/uploads/2018/08/062-350x350.png,https://scrapeme.live/shop/Poliwrath/,"Poliwrath’s highly developed, brawny muscles never grow fatigued, however much it exercises. It is so tirelessly strong, this Pokémon can swim back and forth across the ocean without effort.",1848,216 in stock
Abra,£141.00,https://scrapeme.live/wp-content/uploads/2018/08/063-350x350.png,https://scrapeme.live/shop/Abra/,"Abra needs to sleep for eighteen hours a day. If it doesn’t, this Pokémon loses its ability to use telekinetic powers. If it is attacked, Abra escapes using Teleport while it is still sleeping.",3845,116 in stock
Kadabra,£129.00,https://scrapeme.live/wp-content/uploads/2018/08/064-350x350.png,https://scrapeme.live/shop/Kadabra/,"Kadabra holds a silver spoon in its hand. The spoon is used to amplify the alpha waves in its brain. Without the spoon, the Pokémon is said to be limited to half the usual amount of its telekinetic powers.",9040,195 in stock
Alakazam,£40.00,https://scrapeme.live/wp-content/uploads/2018/08/065-350x350.png,https://scrapeme.live/shop/Alakazam/,"Alakazam’s brain continually grows, infinitely multiplying brain cells. This amazing brain gives this Pokémon an astoundingly high IQ of 5,000. It has a thorough memory of everything that has occurred in the world.",7975,142 in stock
Machop,£166.00,https://scrapeme.live/wp-content/uploads/2018/08/066-350x350.png,https://scrapeme.live/shop/Machop/,Machop exercises by hefting around a Graveler as if it were a barbell. There are some Machop that travel the world in a quest to master all kinds of martial arts.,9506,173 in stock
Machoke,£27.00,https://scrapeme.live/wp-content/uploads/2018/08/067-350x350.png,https://scrapeme.live/shop/Machoke/,"Machoke undertakes bodybuilding every day even as it helps people with tough, physically demanding labor. On its days off, this Pokémon heads to the fields and mountains to exercise and train.",9503,10 in stock
Machamp,£121.00,https://scrapeme.live/wp-content/uploads/2018/08/068-350x350.png,https://scrapeme.live/shop/Machamp/,"Machamp is known as the Pokémon that has mastered every kind of martial arts. If it grabs hold of the foe with its four arms, the battle is all but over. The hapless foe is thrown far over the horizon.",2857,242 in stock
Bellsprout,£74.00,https://scrapeme.live/wp-content/uploads/2018/08/069-350x350.png,https://scrapeme.live/shop/Bellsprout/,"Bellsprout’s thin and flexible body lets it bend and sway to avoid any attack, however strong it may be. From its mouth, this Pokémon spits a corrosive fluid that melts even iron.",7454,257 in stock
Weepinbell,£26.00,https://scrapeme.live/wp-content/uploads/2018/08/070-350x350.png,https://scrapeme.live/shop/Weepinbell/,"Weepinbell has a large hook on its rear end. At night, the Pokémon hooks on to a tree branch and goes to sleep. If it moves around in its sleep, it may wake up to find itself on the ground.",5253,46 in stock
Victreebel,£68.00,https://scrapeme.live/wp-content/uploads/2018/08/071-350x350.png,https://scrapeme.live/shop/Victreebel/,"Victreebel has a long vine that extends from its head. This vine is waved and flicked about as if it were an animal to attract prey. When an unsuspecting prey draws near, this Pokémon swallows it whole.",2187,119 in stock
Tentacool,£186.00,https://scrapeme.live/wp-content/uploads/2018/08/072-350x350.png,https://scrapeme.live/shop/Tentacool/,Tentacool absorbs sunlight and refracts it using water inside its body to convert it into beam energy. This Pokémon shoots beams from the small round organ above its eyes.,1506,66 in stock
Tentacruel,£65.00,https://scrapeme.live/wp-content/uploads/2018/08/073-350x350.png,https://scrapeme.live/shop/Tentacruel/,Tentacruel has tentacles that can be freely elongated and shortened at will. It ensnares prey with its tentacles and weakens the prey by dosing it with a harsh toxin. It can catch up to 80 prey at the same time.,1723,175 in stock
Geodude,£32.00,https://scrapeme.live/wp-content/uploads/2018/08/074-350x350.png,https://scrapeme.live/shop/Geodude/,"When Geodude sleeps deeply, it buries itself halfway into the ground. It will not awaken even if hikers step on it unwittingly. In the morning, this Pokémon rolls downhill in search of food.",1650,77 in stock
Graveler,£182.00,https://scrapeme.live/wp-content/uploads/2018/08/075-350x350.png,https://scrapeme.live/shop/Graveler/,"Rocks are Graveler’s favorite food. This Pokémon will climb a mountain from the base to the summit, crunchingly feasting on rocks all the while. Upon reaching the peak, it rolls back down to the bottom.",4748,86 in stock
Golem,£103.00,https://scrapeme.live/wp-content/uploads/2018/08/076-350x350.png,https://scrapeme.live/shop/Golem/,"Golem is known for rolling down from mountains. To prevent them from rolling into the homes of people downhill, grooves have been dug into the sides of mountains to serve as guideways for diverting this Pokémon’s course.",1408,151 in stock
Ponyta,£53.00,https://scrapeme.live/wp-content/uploads/2018/08/077-350x350.png,https://scrapeme.live/shop/Ponyta/,Ponyta is very weak at birth. It can barely stand up. This Pokémon becomes stronger by stumbling and falling to keep up with its parent.,3629,41 in stock
Rapidash,£98.00,https://scrapeme.live/wp-content/uploads/2018/08/078-350x350.png,https://scrapeme.live/shop/Rapidash/,"Rapidash usually can be seen casually cantering in the fields and plains. However, when this Pokémon turns serious, its fiery manes flare and blaze as it gallops its way up to 150 mph.",3414,194 in stock
Slowpoke,£109.00,https://scrapeme.live/wp-content/uploads/2018/08/079-350x350.png,https://scrapeme.live/shop/Slowpoke/,"Slowpoke uses its tail to catch prey by dipping it in water at the side of a river. However, this Pokémon often forgets what it’s doing and often spends entire days just loafing at water’s edge.",2145,57 in stock
Slowbro,£179.00,https://scrapeme.live/wp-content/uploads/2018/08/080-350x350.png,https://scrapeme.live/shop/Slowbro/,"Slowbro’s tail has a Shellder firmly attached with a bite. As a result, the tail can’t be used for fishing anymore. This causes Slowbro to grudgingly swim and catch prey instead.",3864,289 in stock
Magnemite,£100.00,https://scrapeme.live/wp-content/uploads/2018/08/081-350x350.png,https://scrapeme.live/shop/Magnemite/,Magnemite floats in the air by emitting electromagnetic waves from the units at its sides. These waves block gravity. This Pokémon becomes incapable of flight if its internal electrical supply is depleted.,1688,16 in stock
Magneton,£191.00,https://scrapeme.live/wp-content/uploads/2018/08/082-350x350.png,https://scrapeme.live/shop/Magneton/,"Magneton emits a powerful magnetic force that is fatal to electronics and precision instruments. Because of this, it is said that some towns warn people to keep this Pokémon inside a Poké Ball.",5934,152 in stock
Farfetchd,£185.00,https://scrapeme.live/wp-content/uploads/2018/08/083-350x350.png,https://scrapeme.live/shop/Farfetchd/,"Farfetch’d is always seen with a stalk from a plant of some sort. Apparently, there are good stalks and bad stalks. This Pokémon has been known to fight with others over stalks.",3808,158 in stock
Doduo,£73.00,https://scrapeme.live/wp-content/uploads/2018/08/084-350x350.png,https://scrapeme.live/shop/Doduo/,"Doduo’s two heads contain completely identical brains. A scientific study reported that on rare occasions, there will be examples of this Pokémon possessing different sets of brains.",8303,227 in stock
Dodrio,£138.00,https://scrapeme.live/wp-content/uploads/2018/08/085-350x350.png,https://scrapeme.live/shop/Dodrio/,"Apparently, the heads aren’t the only parts of the body that Dodrio has three of. It has three sets of hearts and lungs as well, so it is capable of running long distances without rest.",4038,118 in stock
Seel,£164.00,https://scrapeme.live/wp-content/uploads/2018/08/086-350x350.png,https://scrapeme.live/shop/Seel/,"Seel hunts for prey in the frigid sea underneath sheets of ice. When it needs to breathe, it punches a hole through the ice with the sharply protruding section of its head.",2302,250 in stock
Dewgong,£70.00,https://scrapeme.live/wp-content/uploads/2018/08/087-350x350.png,https://scrapeme.live/shop/Dewgong/,Dewgong loves to snooze on bitterly cold ice. The sight of this Pokémon sleeping on a glacier was mistakenly thought to be a mermaid by a mariner long ago.,9375,62 in stock
Grimer,£147.00,https://scrapeme.live/wp-content/uploads/2018/08/088-350x350.png,https://scrapeme.live/shop/Grimer/,Grimer emerged from the sludge that settled on a polluted seabed. This Pokémon loves anything filthy. It constantly leaks a horribly germ-infested fluid from all over its body.,3031,201 in stock
Muk,£187.00,https://scrapeme.live/wp-content/uploads/2018/08/089-350x350.png,https://scrapeme.live/shop/Muk/,"This Pokémon’s favorite food is anything that is repugnantly filthy. In dirty towns where people think nothing of throwing away litter on the streets, Muk are certain to gather.",9514,220 in stock
Shellder,£138.00,https://scrapeme.live/wp-content/uploads/2018/08/090-350x350.png,https://scrapeme.live/shop/Shellder/,"At night, this Pokémon uses its broad tongue to burrow a hole in the seafloor sand and then sleep in it. While it is sleeping, Shellder closes its shell, but leaves its tongue hanging out.",4653,23 in stock
Cloyster,£199.00,https://scrapeme.live/wp-content/uploads/2018/08/091-350x350.png,https://scrapeme.live/shop/Cloyster/,"Cloyster is capable of swimming in the sea. It does so by swallowing water, then jetting it out toward the rear. This Pokémon shoots spikes from its shell using the same system.",5736,39 in stock
Gastly,£179.00,https://scrapeme.live/wp-content/uploads/2018/08/092-350x350.png,https://scrapeme.live/shop/Gastly/,"Gastly is largely composed of gaseous matter. When exposed to a strong wind, the gaseous body quickly dwindles away. Groups of this Pokémon cluster under the eaves of houses to escape the ravages of wind.",6873,151 in stock
Haunter,£42.00,https://scrapeme.live/wp-content/uploads/2018/08/093-350x350.png,https://scrapeme.live/shop/Haunter/,"Haunter is a dangerous Pokémon. If one beckons you while floating in darkness, you must never approach it. This Pokémon will try to lick you with its tongue and steal your life away.",7532,181 in stock
Gengar,£149.00,https://scrapeme.live/wp-content/uploads/2018/08/094-350x350.png,https://scrapeme.live/shop/Gengar/,"Sometimes, on a dark night, your shadow thrown by a streetlight will suddenly and startlingly overtake you. It is actually a Gengar running past you, pretending to be your shadow.",6267,159 in stock
Onix,£37.00,https://scrapeme.live/wp-content/uploads/2018/08/095-350x350.png,https://scrapeme.live/shop/Onix/,"Onix has a magnet in its brain. It acts as a compass so that this Pokémon does not lose direction while it is tunneling. As it grows older, its body becomes increasingly rounder and smoother.",2221,286 in stock
Drowzee,£40.00,https://scrapeme.live/wp-content/uploads/2018/08/096-350x350.png,https://scrapeme.live/shop/Drowzee/,"If your nose becomes itchy while you are sleeping, it’s a sure sign that one of these Pokémon is standing above your pillow and trying to eat your dream through your nostrils.",9437,253 in stock
Hypno,£198.00,https://scrapeme.live/wp-content/uploads/2018/08/097-350x350.png,https://scrapeme.live/shop/Hypno/,"Hypno holds a pendulum in its hand. The arcing movement and glitter of the pendulum lull the foe into a deep state of hypnosis. While this Pokémon searches for prey, it polishes the pendulum.",2634,222 in stock
Krabby,£64.00,https://scrapeme.live/wp-content/uploads/2018/08/098-350x350.png,https://scrapeme.live/shop/Krabby/,"Krabby live on beaches, burrowed inside holes dug into the sand. On sandy beaches with little in the way of food, these Pokémon can be seen squabbling with each other over territory.",2333,147 in stock
Kingler,£72.00,https://scrapeme.live/wp-content/uploads/2018/08/099-350x350.png,https://scrapeme.live/shop/Kingler/,"Kingler has an enormous, oversized claw. It waves this huge claw in the air to communicate with others. However, because the claw is so heavy, the Pokémon quickly tires.",1454,271 in stock
Voltorb,£189.00,https://scrapeme.live/wp-content/uploads/2018/08/100-350x350.png,https://scrapeme.live/shop/Voltorb/,Voltorb is extremely sensitive—it explodes at the slightest of shocks. It is rumored that it was first created when a Poké Ball was exposed to a powerful pulse of energy.,9522,245 in stock
Electrode,£100.00,https://scrapeme.live/wp-content/uploads/2018/08/101-350x350.png,https://scrapeme.live/shop/Electrode/,One of Electrode’s characteristics is its attraction to electricity. It is a problematical Pokémon that congregates mostly at electrical power plants to feed on electricity that has just been generated.,1042,230 in stock
Exeggcute,£126.00,https://scrapeme.live/wp-content/uploads/2018/08/102-350x350.png,https://scrapeme.live/shop/Exeggcute/,"This Pokémon consists of six eggs that form a closely knit cluster. The six eggs attract each other and spin around. When cracks increasingly appear on the eggs, Exeggcute is close to evolution.",2494,144 in stock
Exeggutor,£68.00,https://scrapeme.live/wp-content/uploads/2018/08/103-350x350.png,https://scrapeme.live/shop/Exeggutor/,"Exeggutor originally came from the tropics. Its heads steadily grow larger from exposure to strong sunlight. It is said that when the heads fall off, they group together to form Exeggcute.",8250,292 in stock
Cubone,£177.00,https://scrapeme.live/wp-content/uploads/2018/08/104-350x350.png,https://scrapeme.live/shop/Cubone/,"Cubone pines for the mother it will never see again. Seeing a likeness of its mother in the full moon, it cries. The stains on the skull the Pokémon wears are made by the tears it sheds.",3170,242 in stock
Marowak,£36.00,https://scrapeme.live/wp-content/uploads/2018/08/105-350x350.png,https://scrapeme.live/shop/Marowak/,Marowak is the evolved form of a Cubone that has overcome its sadness at the loss of its mother and grown tough. This Pokémon’s tempered and hardened spirit is not easily broken.,8681,295 in stock
Hitmonlee,£73.00,https://scrapeme.live/wp-content/uploads/2018/08/106-350x350.png,https://scrapeme.live/shop/Hitmonlee/,"Hitmonlee’s legs freely contract and stretch. Using these springlike legs, it bowls over foes with devastating kicks. After battle, it rubs down its legs and loosens the muscles to overcome fatigue.",6833,269 in stock
Hitmonchan,£91.00,https://scrapeme.live/wp-content/uploads/2018/08/107-350x350.png,https://scrapeme.live/shop/Hitmonchan/,Hitmonchan is said to possess the spirit of a boxer who had been working toward a world championship. This Pokémon has an indomitable spirit and will never give up in the face of adversity.,3499,163 in stock
Lickitung,£142.00,https://scrapeme.live/wp-content/uploads/2018/08/108-350x350.png,https://scrapeme.live/shop/Lickitung/,"Whenever Lickitung comes across something new, it will unfailingly give it a lick. It does so because it memorizes things by texture and by taste. It is somewhat put off by sour things.",5903,291 in stock
Koffing,£38.00,https://scrapeme.live/wp-content/uploads/2018/08/109-350x350.png,https://scrapeme.live/shop/Koffing/,"Koffing embodies toxic substances. It mixes the toxins with raw garbage to set off a chemical reaction that results in a terribly powerful poison gas. The higher the temperature, the more gas is concocted by this Pokémon.",3303,110 in stock
Weezing,£48.00,https://scrapeme.live/wp-content/uploads/2018/08/110-350x350.png,https://scrapeme.live/shop/Weezing/,"Weezing alternately shrinks and inflates its twin bodies to mix together toxic gases inside. The more the gases are mixed, the more powerful the toxins become. The Pokémon also becomes more putrid.",8429,117 in stock
Rhyhorn,£124.00,https://scrapeme.live/wp-content/uploads/2018/08/111-350x350.png,https://scrapeme.live/shop/Rhyhorn/,"Rhyhorn’s brain is very small. It is so dense, while on a run it forgets why it started running in the first place. It apparently remembers sometimes if it demolishes something.",8574,138 in stock
Rhydon,£27.00,https://scrapeme.live/wp-content/uploads/2018/08/112-350x350.png,https://scrapeme.live/shop/Rhydon/,"Rhydon has a horn that serves as a drill. It is used for destroying rocks and boulders. This Pokémon occasionally rams into streams of magma, but the armor-like hide prevents it from feeling the heat.",4900,73 in stock
Chansey,£176.00,https://scrapeme.live/wp-content/uploads/2018/08/113-350x350.png,https://scrapeme.live/shop/Chansey/,"Chansey lays nutritionally excellent eggs on an everyday basis. The eggs are so delicious, they are easily and eagerly devoured by even those people who have lost their appetite.",8548,151 in stock
Tangela,£64.00,https://scrapeme.live/wp-content/uploads/2018/08/114-350x350.png,https://scrapeme.live/shop/Tangela/,"Tangela’s vines snap off easily if they are grabbed. This happens without pain, allowing it to make a quick getaway. The lost vines are replaced by newly grown vines the very next day.",3530,91 in stock
Kangaskhan,£164.00,https://scrapeme.live/wp-content/uploads/2018/08/115-350x350.png,https://scrapeme.live/shop/Kangaskhan/,"If you come across a young Kangaskhan playing by itself, you must never disturb it or attempt to catch it. The baby Pokémon’s parent is sure to be in the area, and it will become violently enraged at you.",7268,35 in stock
Horsea,£154.00,https://scrapeme.live/wp-content/uploads/2018/08/116-350x350.png,https://scrapeme.live/shop/Horsea/,"If Horsea senses danger, it will reflexively spray a dense black ink from its mouth and try to escape. This Pokémon swims by cleverly flapping the fin on its back.",1885,88 in stock
Seadra,£51.00,https://scrapeme.live/wp-content/uploads/2018/08/117-350x350.png,https://scrapeme.live/shop/Seadra/,"Seadra generates whirlpools by spinning its body. The whirlpools are strong enough to swallow even fishing boats. This Pokémon weakens prey with these currents, then swallows it whole.",2148,45 in stock
Goldeen,£170.00,https://scrapeme.live/wp-content/uploads/2018/08/118-350x350.png,https://scrapeme.live/shop/Goldeen/,"Goldeen loves swimming wild and free in rivers and ponds. If one of these Pokémon is placed in an aquarium, it will shatter even the thickest glass with one ram of its horn and make its escape.",3144,117 in stock
Seaking,£129.00,https://scrapeme.live/wp-content/uploads/2018/08/119-350x350.png,https://scrapeme.live/shop/Seaking/,Seaking is very protective of its eggs. The male and female will take turns patrolling around their nest and eggs. The guarding of eggs by these Pokémon goes on for over a month.,9260,226 in stock
Staryu,£166.00,https://scrapeme.live/wp-content/uploads/2018/08/120-350x350.png,https://scrapeme.live/shop/Staryu/,"Staryu apparently communicates with the stars in the night sky by flashing the red core at the center of its body. If parts of its body are torn, this Pokémon simply regenerates the missing pieces and limbs.",7802,292 in stock
Starmie,£176.00,https://scrapeme.live/wp-content/uploads/2018/08/121-350x350.png,https://scrapeme.live/shop/Starmie/,Starmie swims through water by spinning its star-shaped body as if it were a propeller on a ship. The core at the center of this Pokémon’s body glows in seven colors.,7984,283 in stock
Mr-mime,£144.00,https://scrapeme.live/wp-content/uploads/2018/08/122-350x350.png,https://scrapeme.live/shop/Mr-mime/,"Mr. Mime is a master of pantomime. Its gestures and motions convince watchers that something unseeable actually exists. Once the watchers are convinced, the unseeable thing exists as if it were real.",9469,105 in stock
Scyther,£85.00,https://scrapeme.live/wp-content/uploads/2018/08/123-350x350.png,https://scrapeme.live/shop/Scyther/,"Scyther is blindingly fast. Its blazing speed enhances the effectiveness of the twin scythes on its forearms. This Pokémon’s scythes are so effective, they can slice through thick logs in one wicked stroke.",5181,139 in stock
Jynx,£138.00,https://scrapeme.live/wp-content/uploads/2018/08/124-350x350.png,https://scrapeme.live/shop/Jynx/,"Jynx walks rhythmically, swaying and shaking its hips as if it were dancing. Its motions are so bouncingly alluring, people seeing it are compelled to shake their hips without giving any thought to what they are doing.",1615,197 in stock
Electabuzz,£125.00,https://scrapeme.live/wp-content/uploads/2018/08/125-350x350.png,https://scrapeme.live/shop/Electabuzz/,"When a storm arrives, gangs of this Pokémon compete with each other to scale heights that are likely to be stricken by lightning bolts. Some towns use Electabuzz in place of lightning rods.",7699,63 in stock
Magmar,£130.00,https://scrapeme.live/wp-content/uploads/2018/08/126-350x350.png,https://scrapeme.live/shop/Magmar/,"In battle, Magmar blows out intensely hot flames from all over its body to intimidate its opponent. This Pokémon’s fiery bursts create heat waves that ignite grass and trees in its surroundings.",8655,16 in stock
Pinsir,£141.00,https://scrapeme.live/wp-content/uploads/2018/08/127-350x350.png,https://scrapeme.live/shop/Pinsir/,"Pinsir has a pair of massive horns. Protruding from the surface of these horns are thorns. These thorns are driven deeply into the foe’s body when the pincer closes, making it tough for the foe to escape.",2091,29 in stock
Tauros,£63.00,https://scrapeme.live/wp-content/uploads/2018/08/128-350x350.png,https://scrapeme.live/shop/Tauros/,"This Pokémon is not satisfied unless it is rampaging at all times. If there is no opponent for Tauros to battle, it will charge at thick trees and knock them down to calm itself.",2149,298 in stock
Magikarp,£43.00,https://scrapeme.live/wp-content/uploads/2018/08/129-350x350.png,https://scrapeme.live/shop/Magikarp/,"Magikarp is virtually useless in battle as it can only splash around. As a result, it is considered to be weak. However, it is actually a very hardy Pokémon that can survive in any body of water no matter how polluted it is.",6706,126 in stock
Gyarados,£79.00,https://scrapeme.live/wp-content/uploads/2018/08/130-350x350.png,https://scrapeme.live/shop/Gyarados/,"Once Gyarados goes on a rampage, its ferociously violent blood doesn’t calm until it has burned everything down. There are records of this Pokémon’s rampages lasting a whole month.",9629,100 in stock
Lapras,£172.00,https://scrapeme.live/wp-content/uploads/2018/08/131-350x350.png,https://scrapeme.live/shop/Lapras/,"People have driven Lapras almost to the point of extinction. In the evenings, this Pokémon is said to sing plaintively as it seeks what few others of its kind still remain.",7759,89 in stock
Ditto,£75.00,https://scrapeme.live/wp-content/uploads/2018/08/132-350x350.png,https://scrapeme.live/shop/Ditto/,"Ditto rearranges its cell structure to transform itself into other shapes. However, if it tries to transform itself into something by relying on its memory, this Pokémon manages to get details wrong.",5061,177 in stock
Eevee,£112.00,https://scrapeme.live/wp-content/uploads/2018/08/133-350x350.png,https://scrapeme.live/shop/Eevee/,Eevee has an unstable genetic makeup that suddenly mutates due to the environment in which it lives. Radiation from various stones causes this Pokémon to evolve.,3593,234 in stock
Vaporeon,£147.00,https://scrapeme.live/wp-content/uploads/2018/08/134-350x350.png,https://scrapeme.live/shop/Vaporeon/,Vaporeon underwent a spontaneous mutation and grew fins and gills that allow it to live underwater. This Pokémon has the ability to freely control water.,5437,226 in stock
Jolteon,£158.00,https://scrapeme.live/wp-content/uploads/2018/08/135-350x350.png,https://scrapeme.live/shop/Jolteon/,"Jolteon’s cells generate a low level of electricity. This power is amplified by the static electricity of its fur, enabling the Pokémon to drop thunderbolts. The bristling fur is made of electrically charged needles.",4119,37 in stock
Flareon,£34.00,https://scrapeme.live/wp-content/uploads/2018/08/136-350x350.png,https://scrapeme.live/shop/Flareon/,"Flareon’s fluffy fur has a functional purpose—it releases heat into the air so that its body does not get excessively hot. This Pokémon’s body temperature can rise to a maximum of 1,650 degrees Fahrenheit.",8149,142 in stock
Porygon,£178.00,https://scrapeme.live/wp-content/uploads/2018/08/137-350x350.png,https://scrapeme.live/shop/Porygon/,Porygon is capable of reverting itself entirely back to program data and entering cyberspace. This Pokémon is copy protected so it cannot be duplicated by copying.,7940,156 in stock
Omanyte,£162.00,https://scrapeme.live/wp-content/uploads/2018/08/138-350x350.png,https://scrapeme.live/shop/Omanyte/,"Omanyte is one of the ancient and long-since-extinct Pokémon that have been regenerated from fossils by people. If attacked by an enemy, it withdraws itself inside its hard shell.",4569,13 in stock
Omastar,£61.00,https://scrapeme.live/wp-content/uploads/2018/08/139-350x350.png,https://scrapeme.live/shop/Omastar/,"Omastar uses its tentacles to capture its prey. It is believed to have become extinct because its shell grew too large and heavy, causing its movements to become too slow and ponderous.",3283,249 in stock
Kabuto,£79.00,https://scrapeme.live/wp-content/uploads/2018/08/140-350x350.png,https://scrapeme.live/shop/Kabuto/,"Kabuto is a Pokémon that has been regenerated from a fossil. However, in extremely rare cases, living examples have been discovered. The Pokémon has not changed at all for 300 million years.",9584,187 in stock
Kabutops,£57.00,https://scrapeme.live/wp-content/uploads/2018/08/141-350x350.png,https://scrapeme.live/shop/Kabutops/,Kabutops swam underwater to hunt for its prey in ancient times. The Pokémon was apparently evolving from being a water dweller to living on land as evident from the beginnings of change in its gills and legs.,4736,228 in stock
Aerodactyl,£56.00,https://scrapeme.live/wp-content/uploads/2018/08/142-350x350.png,https://scrapeme.live/shop/Aerodactyl/,Aerodactyl is a Pokémon from the age of dinosaurs. It was regenerated from genetic material extracted from amber. It is imagined to have been the king of the skies in ancient times.,1801,257 in stock
Snorlax,£134.00,https://scrapeme.live/wp-content/uploads/2018/08/143-350x350.png,https://scrapeme.live/shop/Snorlax/,Snorlax’s typical day consists of nothing more than eating and sleeping. It is such a docile Pokémon that there are children who use its expansive belly as a place to play.,9883,260 in stock
Articuno,£77.00,https://scrapeme.live/wp-content/uploads/2018/08/144-350x350.png,https://scrapeme.live/shop/Articuno/,"Articuno is a legendary bird Pokémon that can control ice. The flapping of its wings chills the air. As a result, it is said that when this Pokémon flies, snow will fall.",6040,101 in stock
Zapdos,£133.00,https://scrapeme.live/wp-content/uploads/2018/08/145-350x350.png,https://scrapeme.live/shop/Zapdos/,Zapdos is a legendary bird Pokémon that has the ability to control electricity. It usually lives in thunderclouds. The Pokémon gains power if it is stricken by lightning bolts.,7213,265 in stock
Moltres,£178.00,https://scrapeme.live/wp-content/uploads/2018/08/146-350x350.png,https://scrapeme.live/shop/Moltres/,"Moltres is a legendary bird Pokémon that has the ability to control fire. If this Pokémon is injured, it is said to dip its body in the molten magma of a volcano to burn and heal itself.",2571,208 in stock
Dratini,£94.00,https://scrapeme.live/wp-content/uploads/2018/08/147-350x350.png,https://scrapeme.live/shop/Dratini/,Dratini continually molts and sloughs off its old skin. It does so because the life energy within its body steadily builds to reach uncontrollable levels.,2799,275 in stock
Dragonair,£57.00,https://scrapeme.live/wp-content/uploads/2018/08/148-350x350.png,https://scrapeme.live/shop/Dragonair/,Dragonair stores an enormous amount of energy inside its body. It is said to alter weather conditions in its vicinity by discharging energy from the crystals on its neck and tail.,5641,119 in stock
Dragonite,£69.00,https://scrapeme.live/wp-content/uploads/2018/08/149-350x350.png,https://scrapeme.live/shop/Dragonite/,Dragonite is capable of circling the globe in just 16 hours. It is a kindhearted Pokémon that leads lost and foundering ships in a storm to the safety of land.,9175,127 in stock
Mewtwo,£43.00,https://scrapeme.live/wp-content/uploads/2018/08/150-350x350.png,https://scrapeme.live/shop/Mewtwo/,"Mewtwo is a Pokémon that was created by genetic manipulation. However, even though the scientific power of humans created this Pokémon’s body, they failed to endow Mewtwo with a compassionate heart.",4630,78 in stock
Mew,£136.00,https://scrapeme.live/wp-content/uploads/2018/08/151-350x350.png,https://scrapeme.live/shop/Mew/,"Mew is said to possess the genetic composition of all Pokémon. It is capable of making itself invisible at will, so it entirely avoids notice even if it approaches people.",4382,152 in stock
Chikorita,£127.00,https://scrapeme.live/wp-content/uploads/2018/08/152-350x350.png,https://scrapeme.live/shop/Chikorita/,"In battle, Chikorita waves its leaf around to keep the foe at bay. However, a sweet fragrance also wafts from the leaf, becalming the battling Pokémon and creating a cozy, friendly atmosphere all around.",2657,98 in stock
Bayleef,£44.00,https://scrapeme.live/wp-content/uploads/2018/08/153-350x350.png,https://scrapeme.live/shop/Bayleef/,Bayleef’s neck is ringed by curled-up leaves. Inside each tubular leaf is a small shoot of a tree. The fragrance of this shoot makes people peppy.,1272,299 in stock
Meganium,£163.00,https://scrapeme.live/wp-content/uploads/2018/08/154-350x350.png,https://scrapeme.live/shop/Meganium/,"The fragrance of Meganium’s flower soothes and calms emotions. In battle, this Pokémon gives off more of its becalming scent to blunt the foe’s fighting spirit.",5778,71 in stock
Cyndaquil,£154.00,https://scrapeme.live/wp-content/uploads/2018/08/155-350x350.png,https://scrapeme.live/shop/Cyndaquil/,"Cyndaquil protects itself by flaring up the flames on its back. The flames are vigorous if the Pokémon is angry. However, if it is tired, the flames splutter fitfully with incomplete combustion.",3987,184 in stock
Quilava,£85.00,https://scrapeme.live/wp-content/uploads/2018/08/156-350x350.png,https://scrapeme.live/shop/Quilava/,Quilava keeps its foes at bay with the intensity of its flames and gusts of superheated air. This Pokémon applies its outstanding nimbleness to dodge attacks even while scorching the foe with flames.,6999,263 in stock
Typhlosion,£191.00,https://scrapeme.live/wp-content/uploads/2018/08/157-350x350.png,https://scrapeme.live/shop/Typhlosion/,Typhlosion obscures itself behind a shimmering heat haze that it creates using its intensely hot flames. This Pokémon creates blazing explosive blasts that burn everything to cinders.,5228,118 in stock
Totodile,£190.00,https://scrapeme.live/wp-content/uploads/2018/08/158-350x350.png,https://scrapeme.live/shop/Totodile/,"Despite the smallness of its body, Totodile’s jaws are very powerful. While the Pokémon may think it is just playfully nipping, its bite has enough power to cause serious injury.",4342,285 in stock
Croconaw,£175.00,https://scrapeme.live/wp-content/uploads/2018/08/159-350x350.png,https://scrapeme.live/shop/Croconaw/,"Once Croconaw has clamped its jaws on its foe, it will absolutely not let go. Because the tips of its fangs are forked back like barbed fishhooks, they become impossible to remove when they have sunk in.",9299,255 in stock
Feraligatr,£183.00,https://scrapeme.live/wp-content/uploads/2018/08/160-350x350.png,https://scrapeme.live/shop/Feraligatr/,"Feraligatr intimidates its foes by opening its huge mouth. In battle, it will kick the ground hard with its thick and powerful hind legs to charge at the foe at an incredible speed.",9344,175 in stock
Sentret,£48.00,https://scrapeme.live/wp-content/uploads/2018/08/161-350x350.png,https://scrapeme.live/shop/Sentret/,"When Sentret sleeps, it does so while another stands guard. The sentry wakes the others at the first sign of danger. When this Pokémon becomes separated from its pack, it becomes incapable of sleep due to fear.",2687,83 in stock
Furret,£154.00,https://scrapeme.live/wp-content/uploads/2018/08/162-350x350.png,https://scrapeme.live/shop/Furret/,"Furret has a very slim build. When under attack, it can slickly squirm through narrow spaces and get away. In spite of its short limbs, this Pokémon is very nimble and fleet.",4876,85 in stock
Hoothoot,£48.00,https://scrapeme.live/wp-content/uploads/2018/08/163-350x350.png,https://scrapeme.live/shop/Hoothoot/,"Hoothoot has an internal organ that senses and tracks the earth’s rotation. Using this special organ, this Pokémon begins hooting at precisely the same time every day.",4691,204 in stock
Noctowl,£170.00,https://scrapeme.live/wp-content/uploads/2018/08/164-350x350.png,https://scrapeme.live/shop/Noctowl/,"Noctowl never fails at catching prey in darkness. This Pokémon owes its success to its superior vision that allows it to see in minimal light, and to its soft, supple wings that make no sound in flight.",9939,10 in stock
Ledyba,£98.00,https://scrapeme.live/wp-content/uploads/2018/08/165-350x350.png,https://scrapeme.live/shop/Ledyba/,Ledyba secretes an aromatic fluid from where its legs join its body. This fluid is used for communicating with others. This Pokémon conveys its feelings to others by altering the fluid’s scent.,3874,83 in stock
Ledian,£136.00,https://scrapeme.live/wp-content/uploads/2018/08/166-350x350.png,https://scrapeme.live/shop/Ledian/,"It is said that in lands with clean air, where the stars fill the sky, there live Ledian in countless numbers. There is a good reason for this—the Pokémon uses the light of the stars as its energy.",1806,65 in stock
Spinarak,£199.00,https://scrapeme.live/wp-content/uploads/2018/08/167-350x350.png,https://scrapeme.live/shop/Spinarak/,The web spun by Spinarak can be considered its second nervous system. It is said that this Pokémon can determine what kind of prey is touching its web just by the tiny vibrations it feels through the web’s strands.,4388,136 in stock
Ariados,£85.00,https://scrapeme.live/wp-content/uploads/2018/08/168-350x350.png,https://scrapeme.live/shop/Ariados/,Ariados’s feet are tipped with tiny hooked claws that enable it to scuttle on ceilings and vertical walls. This Pokémon constricts the foe with thin and strong silk webbing.,9759,50 in stock
Crobat,£195.00,https://scrapeme.live/wp-content/uploads/2018/08/169-350x350.png,https://scrapeme.live/shop/Crobat/,Crobat sneaks up on its intended prey using wings that barely make a sound. This Pokémon rests by hanging on a tree branch with its rear legs that serve as wings.,6120,245 in stock
Chinchou,£59.00,https://scrapeme.live/wp-content/uploads/2018/08/170-350x350.png,https://scrapeme.live/shop/Chinchou/,"Chinchou’s two antennas are filled with cells that generate strong electricity. This Pokémon’s cells create so much electrical power, it even makes itself tingle slightly.",2651,130 in stock
Lanturn,£131.00,https://scrapeme.live/wp-content/uploads/2018/08/171-350x350.png,https://scrapeme.live/shop/Lanturn/,"Lanturn is known to emit light. If you peer down into the dark sea from a ship at night, you can sometimes see this Pokémon’s light rising from the depths where it swims. It gives the sea an appearance of a starlit night.",7579,218 in stock
Pichu,£193.00,https://scrapeme.live/wp-content/uploads/2018/08/172-350x350.png,https://scrapeme.live/shop/Pichu/,"When Pichu plays with others, it may short out electricity with another Pichu, creating a shower of sparks. In that event, this Pokémon will begin crying, startled by the flash of sparks.",4987,64 in stock
Cleffa,£107.00,https://scrapeme.live/wp-content/uploads/2018/08/173-350x350.png,https://scrapeme.live/shop/Cleffa/,"On nights with many shooting stars, Cleffa can be seen dancing in a ring. They dance through the night and stop only at the break of day, when these Pokémon quench their thirst with the morning dew.",2794,187 in stock
Igglybuff,£189.00,https://scrapeme.live/wp-content/uploads/2018/08/174-350x350.png,https://scrapeme.live/shop/Igglybuff/,Igglybuff has a soft and plushy body that feels very much like a marshmallow. From this body wafts a gently sweet fragrance that soothes and calms the emotions of its foes.,2662,170 in stock
Togepi,£47.00,https://scrapeme.live/wp-content/uploads/2018/08/175-350x350.png,https://scrapeme.live/shop/Togepi/,"As its energy, Togepi uses the positive emotions of compassion and pleasure exuded by people and Pokémon. This Pokémon stores up feelings of happiness inside its shell, then shares them with others.",1684,264 in stock
Togetic,£69.00,https://scrapeme.live/wp-content/uploads/2018/08/176-350x350.png,https://scrapeme.live/shop/Togetic/,"Togetic is said to be a Pokémon that brings good fortune. When the Pokémon spots someone who is pure of heart, it is said to appear and share its happiness with that person.",9410,293 in stock
Natu,£99.00,https://scrapeme.live/wp-content/uploads/2018/08/177-350x350.png,https://scrapeme.live/shop/Natu/,Natu has a highly developed jumping ability. The Pokémon flaps and leaps onto tree branches that are taller than grown-up people to pick at the tree’s new shoots.,2942,36 in stock
Xatu,£123.00,https://scrapeme.live/wp-content/uploads/2018/08/178-350x350.png,https://scrapeme.live/shop/Xatu/,Xatu is known to stand motionless while staring at the sun all day long. Some people revere it as a mystical Pokémon out of their belief that Xatu is in possession of the power to see into the future.,7616,196 in stock
Mareep,£79.00,https://scrapeme.live/wp-content/uploads/2018/08/179-350x350.png,https://scrapeme.live/shop/Mareep/,"Mareep’s fluffy coat of wool rubs together and builds a static charge. The more static electricity is charged, the more brightly the lightbulb at the tip of its tail glows.",2016,152 in stock
Flaaffy,£163.00,https://scrapeme.live/wp-content/uploads/2018/08/180-350x350.png,https://scrapeme.live/shop/Flaaffy/,Flaaffy’s wool quality changes so that it can generate a high amount of static electricity with a small amount of wool. The bare and slick parts of its hide are shielded against electricity.,9291,64 in stock
Ampharos,£41.00,https://scrapeme.live/wp-content/uploads/2018/08/181-350x350.png,https://scrapeme.live/shop/Ampharos/,Ampharos gives off so much light that it can be seen even from space. People in the old days used the light of this Pokémon to send signals back and forth with others far away.,2141,247 in stock
Bellossom,£25.00,https://scrapeme.live/wp-content/uploads/2018/08/182-350x350.png,https://scrapeme.live/shop/Bellossom/,"A Bellossom grows flowers more beautifully if it has evolved from a smelly Gloom—the more stinky the better. At night, this Pokémon closes its petals and goes to sleep.",7003,234 in stock
Marill,£127.00,https://scrapeme.live/wp-content/uploads/2018/08/183-350x350.png,https://scrapeme.live/shop/Marill/,"When fishing for food at the edge of a fast-running stream, Marill wraps its tail around the trunk of a tree. This Pokémon’s tail is flexible and configured to stretch.",4728,55 in stock
Azumarill,£175.00,https://scrapeme.live/wp-content/uploads/2018/08/184-350x350.png,https://scrapeme.live/shop/Azumarill/,Azumarill can make balloons out of air. It makes these air balloons if it spots a drowning Pokémon. The air balloons enable the Pokémon in trouble to breathe.,9464,300 in stock
Sudowoodo,£54.00,https://scrapeme.live/wp-content/uploads/2018/08/185-350x350.png,https://scrapeme.live/shop/Sudowoodo/,"Sudowoodo camouflages itself as a tree to avoid being attacked by enemies. However, because its hands remain green throughout the year, the Pokémon is easily identified as a fake during the winter.",1558,147 in stock
Politoed,£193.00,https://scrapeme.live/wp-content/uploads/2018/08/186-350x350.png,https://scrapeme.live/shop/Politoed/,"The curled hair on Politoed’s head is proof of its status as a king. It is said that the longer and more curled the hair, the more respect this Pokémon earns from its peers.",9168,261 in stock
Hoppip,£107.00,https://scrapeme.live/wp-content/uploads/2018/08/187-350x350.png,https://scrapeme.live/shop/Hoppip/,"This Pokémon drifts and floats with the wind. If it senses the approach of strong winds, Hoppip links its leaves with other Hoppip to prepare against being blown away.",1154,266 in stock
Skiploom,£185.00,https://scrapeme.live/wp-content/uploads/2018/08/188-350x350.png,https://scrapeme.live/shop/Skiploom/,"Skiploom’s flower blossoms when the temperature rises above 64 degrees Fahrenheit. How much the flower opens depends on the temperature. For that reason, this Pokémon is sometimes used as a thermometer.",2616,94 in stock
Jumpluff,£107.00,https://scrapeme.live/wp-content/uploads/2018/08/189-350x350.png,https://scrapeme.live/shop/Jumpluff/,Jumpluff rides warm southern winds to cross the sea and fly to foreign lands. The Pokémon descends to the ground when it encounters cold air while it is floating.,2168,235 in stock
Aipom,£182.00,https://scrapeme.live/wp-content/uploads/2018/08/190-350x350.png,https://scrapeme.live/shop/Aipom/,"Aipom’s tail ends in a hand-like appendage that can be cleverly manipulated. However, because the Pokémon uses its tail so much, its real hands have become rather clumsy.",8103,92 in stock
Sunkern,£150.00,https://scrapeme.live/wp-content/uploads/2018/08/191-350x350.png,https://scrapeme.live/shop/Sunkern/,"Sunkern tries to move as little as it possibly can. It does so because it tries to conserve all the nutrients it has stored in its body for its evolution. It will not eat a thing, subsisting only on morning dew.",4061,255 in stock
Sunflora,£33.00,https://scrapeme.live/wp-content/uploads/2018/08/192-350x350.png,https://scrapeme.live/shop/Sunflora/,Sunflora converts solar energy into nutrition. It moves around actively in the daytime when it is warm. It stops moving as soon as the sun goes down for the night.,7947,163 in stock
Yanma,£130.00,https://scrapeme.live/wp-content/uploads/2018/08/193-350x350.png,https://scrapeme.live/shop/Yanma/,Yanma is capable of seeing 360 degrees without having to move its eyes. It is a great flier that is adept at making sudden stops and turning midair. This Pokémon uses its flying ability to quickly chase down targeted prey.,8321,130 in stock
Wooper,£98.00,https://scrapeme.live/wp-content/uploads/2018/08/194-350x350.png,https://scrapeme.live/shop/Wooper/,"Wooper usually lives in water. However, it occasionally comes out onto land in search of food. On land, it coats its body with a gooey, toxic film.",4198,48 in stock
Quagsire,£37.00,https://scrapeme.live/wp-content/uploads/2018/08/195-350x350.png,https://scrapeme.live/shop/Quagsire/,"Quagsire hunts for food by leaving its mouth wide open in water and waiting for its prey to blunder in unaware. Because the Pokémon does not move, it does not get very hungry.",2688,292 in stock
Espeon,£177.00,https://scrapeme.live/wp-content/uploads/2018/08/196-350x350.png,https://scrapeme.live/shop/Espeon/,Espeon is extremely loyal to any Trainer it considers to be worthy. It is said that this Pokémon developed its precognitive powers to protect its Trainer from harm.,9676,153 in stock
Umbreon,£78.00,https://scrapeme.live/wp-content/uploads/2018/08/197-350x350.png,https://scrapeme.live/shop/Umbreon/,Umbreon evolved as a result of exposure to the moon’s waves. It hides silently in darkness and waits for its foes to make a move. The rings on its body glow when it leaps to attack.,4995,186 in stock
Murkrow,£178.00,https://scrapeme.live/wp-content/uploads/2018/08/198-350x350.png,https://scrapeme.live/shop/Murkrow/,Murkrow was feared and loathed as the alleged bearer of ill fortune. This Pokémon shows strong interest in anything that sparkles or glitters. It will even try to steal rings from women.,2223,246 in stock
Slowking,£174.00,https://scrapeme.live/wp-content/uploads/2018/08/199-350x350.png,https://scrapeme.live/shop/Slowking/,"Slowking undertakes research every day in an effort to solve the mysteries of the world. However, this Pokémon apparently forgets everything it has learned if the Shellder on its head comes off.",9664,55 in stock
Misdreavus,£33.00,https://scrapeme.live/wp-content/uploads/2018/08/200-350x350.png,https://scrapeme.live/shop/Misdreavus/,"Misdreavus frightens people with a creepy, sobbing cry. The Pokémon apparently uses its red spheres to absorb the fearful feelings of foes and turn them into nutrition.",9272,207 in stock
Unown,£198.00,https://scrapeme.live/wp-content/uploads/2018/08/201-350x350.png,https://scrapeme.live/shop/Unown/,"This Pokémon is shaped like ancient writing. It is a mystery as to which came first, the ancient writings or the various Unown. Research into this topic is ongoing but nothing is known.",9561,47 in stock
Wobbuffet,£107.00,https://scrapeme.live/wp-content/uploads/2018/08/202-350x350.png,https://scrapeme.live/shop/Wobbuffet/,"Wobbuffet does nothing but endure attacks—it won’t attack on its own. However, it won’t endure an attack on its tail. When that happens, the Pokémon will try to take the foe with it using Destiny Bond.",6138,113 in stock
Girafarig,£99.00,https://scrapeme.live/wp-content/uploads/2018/08/203-350x350.png,https://scrapeme.live/shop/Girafarig/,"Girafarig’s rear head contains a tiny brain that is too small for thinking. However, the rear head doesn’t need to sleep, so it can keep watch over its surroundings 24 hours a day.",7871,31 in stock
Gligar,£112.00,https://scrapeme.live/wp-content/uploads/2018/08/207-350x350.png,https://scrapeme.live/shop/Gligar/,"Gligar glides through the air without a sound as if it were sliding. This Pokémon hangs on to the face of its foe using its clawed hind legs and the large pincers on its forelegs, then injects the prey with its poison barb.",5090,140 in stock
Steelix,£116.00,https://scrapeme.live/wp-content/uploads/2018/08/208-350x350.png,https://scrapeme.live/shop/Steelix/,Steelix lives even further underground than Onix. This Pokémon is known to dig toward the earth’s core. There are records of this Pokémon reaching a depth of over six-tenths of a mile underground.,4345,157 in stock
Snubbull,£63.00,https://scrapeme.live/wp-content/uploads/2018/08/209-350x350.png,https://scrapeme.live/shop/Snubbull/,"By baring its fangs and making a scary face, Snubbull sends smaller Pokémon scurrying away in terror. However, this Pokémon seems a little sad at making its foes flee.",3961,164 in stock
Granbull,£59.00,https://scrapeme.live/wp-content/uploads/2018/08/210-350x350.png,https://scrapeme.live/shop/Granbull/,"Granbull has a particularly well-developed lower jaw. The enormous fangs are heavy, causing the Pokémon to tip its head back for balance. Unless it is startled, it will not try to bite indiscriminately.",7346,171 in stock
Qwilfish,£77.00,https://scrapeme.live/wp-content/uploads/2018/08/211-350x350.png,https://scrapeme.live/shop/Qwilfish/,"Qwilfish sucks in water, inflating itself. This Pokémon uses the pressure of the water it swallowed to shoot toxic quills all at once from all over its body. It finds swimming somewhat challenging.",3335,297 in stock
Scizor,£172.00,https://scrapeme.live/wp-content/uploads/2018/08/212-350x350.png,https://scrapeme.live/shop/Scizor/,Scizor has a body with the hardness of steel. It is not easily fazed by ordinary sorts of attacks. This Pokémon flaps its wings to regulate its body temperature.,9056,198 in stock
Shuckle,£194.00,https://scrapeme.live/wp-content/uploads/2018/08/213-350x350.png,https://scrapeme.live/shop/Shuckle/,"Shuckle quietly hides itself under rocks, keeping its body concealed inside its hard shell while eating berries it has stored away. The berries mix with its body fluids to become a juice.",7903,74 in stock
Heracross,£143.00,https://scrapeme.live/wp-content/uploads/2018/08/214-350x350.png,https://scrapeme.live/shop/Heracross/,"Heracross has sharp claws on its feet. These are planted firmly into the ground or the bark of a tree, giving the Pokémon a secure and solid footing to forcefully fling away foes with its proud horn.",9256,49 in stock
Sneasel,£108.00,https://scrapeme.live/wp-content/uploads/2018/08/215-350x350.png,https://scrapeme.live/shop/Sneasel/,Sneasel scales trees by punching its hooked claws into the bark. This Pokémon seeks out unguarded nests and steals eggs for food while the parents are away.,5017,141 in stock
Teddiursa,£173.00,https://scrapeme.live/wp-content/uploads/2018/08/216-350x350.png,https://scrapeme.live/shop/Teddiursa/,This Pokémon likes to lick its palms that are sweetened by being soaked in honey. Teddiursa concocts its own honey by blending fruits and pollen collected by Beedrill.,7681,274 in stock
Ursaring,£31.00,https://scrapeme.live/wp-content/uploads/2018/08/217-350x350.png,https://scrapeme.live/shop/Ursaring/,"In the forests inhabited by Ursaring, it is said that there are many streams and towering trees where they gather food. This Pokémon walks through its forest gathering food every day.",7576,209 in stock
Magcargo,£36.00,https://scrapeme.live/wp-content/uploads/2018/08/219-350x350.png,https://scrapeme.live/shop/Magcargo/,"Magcargo’s body temperature is approximately 18,000 degrees Fahrenheit. Water is vaporized on contact. If this Pokémon is caught in the rain, the raindrops instantly turn into steam, cloaking the area in a thick fog.",3917,210 in stock
Swinub,£132.00,https://scrapeme.live/wp-content/uploads/2018/08/220-350x350.png,https://scrapeme.live/shop/Swinub/,Swinub roots for food by rubbing its snout against the ground. Its favorite food is a mushroom that grows under the cover of dead grass. This Pokémon occasionally roots out hot springs.,8647,250 in stock
Piloswine,£84.00,https://scrapeme.live/wp-content/uploads/2018/08/221-350x350.png,https://scrapeme.live/shop/Piloswine/,Piloswine is covered by a thick coat of long hair that enables it to endure the freezing cold. This Pokémon uses its tusks to dig up food that has been buried under ice.,4003,276 in stock
Corsola,£27.00,https://scrapeme.live/wp-content/uploads/2018/08/222-350x350.png,https://scrapeme.live/shop/Corsola/,"Clusters of Corsola congregate in warm seas where they serve as ideal hiding places for smaller Pokémon. When the water temperature falls, this Pokémon migrates to the southern seas.",5281,162 in stock
Remoraid,£122.00,https://scrapeme.live/wp-content/uploads/2018/08/223-350x350.png,https://scrapeme.live/shop/Remoraid/,"Remoraid sucks in water, then expels it at high velocity using its abdominal muscles to shoot down flying prey. When evolution draws near, this Pokémon travels downstream from rivers.",4952,46 in stock
Octillery,£94.00,https://scrapeme.live/wp-content/uploads/2018/08/224-350x350.png,https://scrapeme.live/shop/Octillery/,"Octillery grabs onto its foe using its tentacles. This Pokémon tries to immobilize it before delivering the finishing blow. If the foe turns out to be too strong, Octillery spews ink to escape.",9000,150 in stock
Delibird,£121.00,https://scrapeme.live/wp-content/uploads/2018/08/225-350x350.png,https://scrapeme.live/shop/Delibird/,"Delibird carries its food bundled up in its tail. There once was a famous explorer who managed to reach the peak of the world’s highest mountain, thanks to one of these Pokémon sharing its food.",6280,141 in stock
Mantine,£114.00,https://scrapeme.live/wp-content/uploads/2018/08/226-350x350.png,https://scrapeme.live/shop/Mantine/,"On sunny days, schools of Mantine can be seen elegantly leaping over the sea’s waves. This Pokémon is not bothered by the Remoraid that hitches rides.",3704,195 in stock
Skarmory,£199.00,https://scrapeme.live/wp-content/uploads/2018/08/227-350x350.png,https://scrapeme.live/shop/Skarmory/,"Skarmory’s steel wings become tattered and bashed in from repeated battles. Once a year, the battered wings grow back completely, restoring the cutting edges to their pristine state.",1057,102 in stock
Houndour,£144.00,https://scrapeme.live/wp-content/uploads/2018/08/228-350x350.png,https://scrapeme.live/shop/Houndour/,Houndour hunt as a coordinated pack. They communicate with each other using a variety of cries to corner their prey. This Pokémon’s remarkable teamwork is unparalleled.,7965,184 in stock
Houndoom,£78.00,https://scrapeme.live/wp-content/uploads/2018/08/229-350x350.png,https://scrapeme.live/shop/Houndoom/,"In a Houndoom pack, the one with its horns raked sharply toward the back serves a leadership role. These Pokémon choose their leader by fighting among themselves.",2081,40 in stock
Kingdra,£124.00,https://scrapeme.live/wp-content/uploads/2018/08/230-350x350.png,https://scrapeme.live/shop/Kingdra/,"Kingdra sleeps on the seafloor where it is otherwise devoid of life. When a storm arrives, the Pokémon is said to awaken and wander about in search of prey.",7090,206 in stock
Phanpy,£129.00,https://scrapeme.live/wp-content/uploads/2018/08/231-350x350.png,https://scrapeme.live/shop/Phanpy/,"Phanpy uses its long nose to shower itself. When others gather around, they thoroughly douse each other with water. These Pokémon can be seen drying their soaking-wet bodies at the edge of water.",7852,120 in stock
Donphan,£89.00,https://scrapeme.live/wp-content/uploads/2018/08/232-350x350.png,https://scrapeme.live/shop/Donphan/,"If Donphan were to tackle with its hard body, even a house could be destroyed. Using its massive strength, the Pokémon helps clear rock and mud slides that block mountain trails.",3134,197 in stock
Porygon2,£151.00,https://scrapeme.live/wp-content/uploads/2018/08/233-350x350.png,https://scrapeme.live/shop/Porygon2/,Porygon2 was created by humans using the power of science. The man-made Pokémon has been endowed with artificial intelligence that enables it to learn new gestures and emotions on its own.,4420,210 in stock
Stantler,£33.00,https://scrapeme.live/wp-content/uploads/2018/08/234-350x350.png,https://scrapeme.live/shop/Stantler/,"Stantler’s magnificent antlers were traded at high prices as works of art. As a result, this Pokémon was hunted close to extinction by those who were after the priceless antlers.",3706,278 in stock
Smeargle,£151.00,https://scrapeme.live/wp-content/uploads/2018/08/235-350x350.png,https://scrapeme.live/shop/Smeargle/,"Smeargle marks the boundaries of its territory using a body fluid that leaks out from the tip of its tail. Over 5,000 different marks left by this Pokémon have been found.",6497,56 in stock
Tyrogue,£145.00,https://scrapeme.live/wp-content/uploads/2018/08/236-350x350.png,https://scrapeme.live/shop/Tyrogue/,"Tyrogue becomes stressed out if it does not get to train every day. When raising this Pokémon, the Trainer must establish and uphold various training methods.",7594,76 in stock
Hitmontop,£149.00,https://scrapeme.live/wp-content/uploads/2018/08/237-350x350.png,https://scrapeme.live/shop/Hitmontop/,"Hitmontop spins on its head at high speed, all the while delivering kicks. This technique is a remarkable mix of both offense and defense at the same time. The Pokémon travels faster spinning than it does walking.",3340,47 in stock
Smoochum,£166.00,https://scrapeme.live/wp-content/uploads/2018/08/238-350x350.png,https://scrapeme.live/shop/Smoochum/,"Smoochum actively runs about, but also falls quite often. Whenever the chance arrives, it will look for its reflection to make sure its face hasn’t become dirty.",7637,116 in stock
Elekid,£104.00,https://scrapeme.live/wp-content/uploads/2018/08/239-350x350.png,https://scrapeme.live/shop/Elekid/,"Elekid stores electricity in its body. If it touches metal and accidentally discharges all its built-up electricity, this Pokémon begins swinging its arms in circles to recharge itself.",5157,131 in stock
Magby,£40.00,https://scrapeme.live/wp-content/uploads/2018/08/240-350x350.png,https://scrapeme.live/shop/Magby/,"Magby’s state of health is determined by observing the fire it breathes. If the Pokémon is spouting yellow flames from its mouth, it is in good health. When it is fatigued, black smoke will be mixed in with the flames.",5864,21 in stock
Miltank,£26.00,https://scrapeme.live/wp-content/uploads/2018/08/241-350x350.png,https://scrapeme.live/shop/Miltank/,Miltank gives over five gallons of milk on a daily basis. Its sweet milk is enjoyed by children and grown-ups alike. People who can’t drink milk turn it into yogurt and eat it instead.,1586,12 in stock
Blissey,£31.00,https://scrapeme.live/wp-content/uploads/2018/08/242-350x350.png,https://scrapeme.live/shop/Blissey/,"Blissey senses sadness with its fluffy coat of fur. If it does so, this Pokémon will rush over to a sad person, no matter how far away, to share a Lucky Egg that brings a smile to any face.",8632,289 in stock
Raikou,£66.00,https://scrapeme.live/wp-content/uploads/2018/08/243-350x350.png,https://scrapeme.live/shop/Raikou/,Raikou embodies the speed of lightning. The roars of this Pokémon send shock waves shuddering through the air and shake the ground as if lightning bolts had come crashing down.,5989,276 in stock
Entei,£27.00,https://scrapeme.live/wp-content/uploads/2018/08/244-350x350.png,https://scrapeme.live/shop/Entei/,Entei embodies the passion of magma. This Pokémon is thought to have been born in the eruption of a volcano. It sends up massive bursts of fire that utterly consume all that they touch.,9592,36 in stock
Suicune,£68.00,https://scrapeme.live/wp-content/uploads/2018/08/245-350x350.png,https://scrapeme.live/shop/Suicune/,Suicune embodies the compassion of a pure spring of water. It runs across the land with gracefulness. This Pokémon has the power to purify dirty water.,8586,275 in stock
Larvitar,£26.00,https://scrapeme.live/wp-content/uploads/2018/08/246-350x350.png,https://scrapeme.live/shop/Larvitar/,"Larvitar is born deep under the ground. To come up to the surface, this Pokémon must eat its way through the soil above. Until it does so, Larvitar cannot see its parents.",9302,31 in stock
Pupitar,£114.00,https://scrapeme.live/wp-content/uploads/2018/08/247-350x350.png,https://scrapeme.live/shop/Pupitar/,Pupitar creates a gas inside its body that it compresses and forcefully ejects to propel itself like a jet. The body is very durable—it avoids damage even if it hits solid steel.,4140,221 in stock
Tyranitar,£190.00,https://scrapeme.live/wp-content/uploads/2018/08/248-350x350.png,https://scrapeme.live/shop/Tyranitar/,"Tyranitar is so overwhelmingly powerful, it can bring down a whole mountain to make its nest. This Pokémon wanders about in mountains seeking new opponents to fight.",8144,86 in stock
Lugia,£86.00,https://scrapeme.live/wp-content/uploads/2018/08/249-350x350.png,https://scrapeme.live/shop/Lugia/,"Lugia’s wings pack devastating power—a light fluttering of its wings can blow apart regular houses. As a result, this Pokémon chooses to live out of sight deep under the sea.",2564,57 in stock
Ho-oh,£91.00,https://scrapeme.live/wp-content/uploads/2018/08/250-350x350.png,https://scrapeme.live/shop/Ho-oh/,Ho-Oh’s feathers glow in seven colors depending on the angle at which they are struck by light. These feathers are said to bring happiness to the bearers. This Pokémon is said to live at the foot of a rainbow.,2198,228 in stock
Celebi,£111.00,https://scrapeme.live/wp-content/uploads/2018/08/251-350x350.png,https://scrapeme.live/shop/Celebi/,"This Pokémon came from the future by crossing over time. It is thought that so long as Celebi appears, a bright and shining future awaits us.",1144,154 in stock
Treecko,£96.00,https://scrapeme.live/wp-content/uploads/2018/08/252-350x350.png,https://scrapeme.live/shop/Treecko/,"Treecko is cool, calm, and collected—it never panics under any situation. If a bigger foe were to glare at this Pokémon, it would glare right back without conceding an inch of ground.",4817,93 in stock
Grovyle,£190.00,https://scrapeme.live/wp-content/uploads/2018/08/253-350x350.png,https://scrapeme.live/shop/Grovyle/,"This Pokémon adeptly flies from branch to branch in trees. In a forest, no Pokémon can ever hope to catch a fleeing Grovyle however fast they may be.",9191,195 in stock
Sceptile,£37.00,https://scrapeme.live/wp-content/uploads/2018/08/254-350x350.png,https://scrapeme.live/shop/Sceptile/,Sceptile has seeds growing on its back. They are said to be bursting with nutrients that revitalize trees. This Pokémon raises the trees in a forest with loving care.,4619,159 in stock
Torchic,£28.00,https://scrapeme.live/wp-content/uploads/2018/08/255-350x350.png,https://scrapeme.live/shop/Torchic/,Torchic has a place inside its body where it keeps its flame. Give it a hug—it will be glowing with warmth. This Pokémon is covered all over by a fluffy coat of down.,5952,290 in stock
Combusken,£68.00,https://scrapeme.live/wp-content/uploads/2018/08/256-350x350.png,https://scrapeme.live/shop/Combusken/,Combusken battles with the intensely hot flames it spews from its beak and with outstandingly destructive kicks. This Pokémon’s cry is very loud and distracting.,9912,257 in stock
Blaziken,£40.00,https://scrapeme.live/wp-content/uploads/2018/08/257-350x350.png,https://scrapeme.live/shop/Blaziken/,Blaziken has incredibly strong legs—it can easily clear a 30-story building in one leap. This Pokémon’s blazing punches leave its foes scorched and blackened.,7662,139 in stock
Mudkip,£140.00,https://scrapeme.live/wp-content/uploads/2018/08/258-350x350.png,https://scrapeme.live/shop/Mudkip/,"In water, Mudkip breathes using the gills on its cheeks. If it is faced with a tight situation in battle, this Pokémon will unleash its amazing power—it can crush rocks bigger than itself.",5363,193 in stock
Marshtomp,£152.00,https://scrapeme.live/wp-content/uploads/2018/08/259-350x350.png,https://scrapeme.live/shop/Marshtomp/,"Marshtomp is much faster at traveling through mud than it is at swimming. This Pokémon’s hindquarters exhibit obvious development, giving it the ability to walk on just its hind legs.",6721,258 in stock
Swampert,£144.00,https://scrapeme.live/wp-content/uploads/2018/08/260-350x350.png,https://scrapeme.live/shop/Swampert/,"Swampert predicts storms by sensing subtle differences in the sounds of waves and tidal winds with its fins. If a storm is approaching, it piles up boulders to protect itself.",9105,113 in stock
Poochyena,£130.00,https://scrapeme.live/wp-content/uploads/2018/08/261-350x350.png,https://scrapeme.live/shop/Poochyena/,Poochyena is an omnivore—it will eat anything. A distinguishing feature is how large its fangs are compared to its body. This Pokémon tries to intimidate its foes by making the hair on its tail bristle out.,4801,265 in stock
Mightyena,£175.00,https://scrapeme.live/wp-content/uploads/2018/08/262-350x350.png,https://scrapeme.live/shop/Mightyena/,Mightyena travel and act as a pack in the wild. The memory of its life in the wild compels the Pokémon to obey only those Trainers that it recognizes to possess superior skill.,4220,173 in stock
Zigzagoon,£83.00,https://scrapeme.live/wp-content/uploads/2018/08/263-350x350.png,https://scrapeme.live/shop/Zigzagoon/,The hair on Zigzagoon’s back is bristly. It rubs the hard back hair against trees to leave its territorial markings. This Pokémon may play dead to fool foes in battle.,5175,281 in stock
Linoone,£81.00,https://scrapeme.live/wp-content/uploads/2018/08/264-350x350.png,https://scrapeme.live/shop/Linoone/,"When hunting, Linoone will make a beeline straight for the prey at a full run. While this Pokémon is capable of topping 60 mph, it has to come to a screeching halt before it can turn.",5845,24 in stock
Wurmple,£195.00,https://scrapeme.live/wp-content/uploads/2018/08/265-350x350.png,https://scrapeme.live/shop/Wurmple/,Wurmple is targeted by Swellow as prey. This Pokémon will try to resist by pointing the spikes on its rear at the attacking predator. It will weaken the foe by leaking poison from the spikes.,4841,34 in stock
Silcoon,£80.00,https://scrapeme.live/wp-content/uploads/2018/08/266-350x350.png,https://scrapeme.live/shop/Silcoon/,"Silcoon was thought to endure hunger and not consume anything before its evolution. However, it is now thought that this Pokémon slakes its thirst by drinking rainwater that collects on its silk.",4018,86 in stock
Beautifly,£145.00,https://scrapeme.live/wp-content/uploads/2018/08/267-350x350.png,https://scrapeme.live/shop/Beautifly/,"Beautifly has a long mouth like a coiled needle, which is very convenient for collecting pollen from flowers. This Pokémon rides the spring winds as it flits around gathering pollen.",4100,42 in stock
Cascoon,£166.00,https://scrapeme.live/wp-content/uploads/2018/08/268-350x350.png,https://scrapeme.live/shop/Cascoon/,"If it is attacked, Cascoon remains motionless however badly it may be hurt. It does so because if it were to move, its body would be weak upon evolution. This Pokémon will also not forget the pain it endured.",3702,122 in stock
Dustox,£91.00,https://scrapeme.live/wp-content/uploads/2018/08/269-350x350.png,https://scrapeme.live/shop/Dustox/,"When Dustox flaps its wings, a fine dust is scattered all over. This dust is actually a powerful poison that will even make a pro wrestler sick. This Pokémon searches for food using its antennae like radar.",4491,23 in stock
Lotad,£161.00,https://scrapeme.live/wp-content/uploads/2018/08/270-350x350.png,https://scrapeme.live/shop/Lotad/,"Lotad is said to have dwelled on land before. However, this Pokémon is thought to have returned to water because the leaf on its head grew large and heavy. It now lives by floating atop the water.",5098,187 in stock
Lombre,£79.00,https://scrapeme.live/wp-content/uploads/2018/08/271-350x350.png,https://scrapeme.live/shop/Lombre/,"Lombre’s entire body is covered by a slippery, slimy film. It feels horribly unpleasant to be touched by this Pokémon’s hands. Lombre is often mistaken for a human child.",9674,203 in stock
Ludicolo,£189.00,https://scrapeme.live/wp-content/uploads/2018/08/272-350x350.png,https://scrapeme.live/shop/Ludicolo/,"Upon hearing an upbeat and cheerful rhythm, the cells in Ludicolo’s body become very energetic and active. Even in battle, this Pokémon will exhibit an amazing amount of power.",6718,181 in stock
Seedot,£26.00,https://scrapeme.live/wp-content/uploads/2018/08/273-350x350.png,https://scrapeme.live/shop/Seedot/,Seedot looks exactly like an acorn when it is dangling from a tree branch. It startles other Pokémon by suddenly moving. This Pokémon polishes its body once a day using leaves.,8692,28 in stock
Nuzleaf,£26.00,https://scrapeme.live/wp-content/uploads/2018/08/274-350x350.png,https://scrapeme.live/shop/Nuzleaf/,This Pokémon pulls out the leaf on its head and makes a flute with it. The sound of Nuzleaf’s flute strikes fear and uncertainty in the hearts of people lost in a forest.,3835,216 in stock
Shiftry,£157.00,https://scrapeme.live/wp-content/uploads/2018/08/275-350x350.png,https://scrapeme.live/shop/Shiftry/,Shiftry’s large fans generate awesome gusts of wind at a speed close to 100 feet per second. The whipped-up wind blows anything away. This Pokémon chooses to live quietly deep in forests.,6957,232 in stock
Taillow,£85.00,https://scrapeme.live/wp-content/uploads/2018/08/276-350x350.png,https://scrapeme.live/shop/Taillow/,"Taillow is young—it has only just left its nest. As a result, it sometimes becomes lonesome and cries at night. This Pokémon feeds on Wurmple that live in forests.",5591,204 in stock
Swellow,£88.00,https://scrapeme.live/wp-content/uploads/2018/08/277-350x350.png,https://scrapeme.live/shop/Swellow/,"Swellow is very conscientious about the upkeep of its glossy wings. Once two Swellow are gathered, they diligently take care of cleaning each other’s wings.",6736,257 in stock
Wingull,£153.00,https://scrapeme.live/wp-content/uploads/2018/08/278-350x350.png,https://scrapeme.live/shop/Wingull/,Wingull rides updrafts rising from the sea by extending its long and narrow wings to glide. This Pokémon’s long beak is useful for catching prey.,4325,41 in stock
Pelipper,£158.00,https://scrapeme.live/wp-content/uploads/2018/08/279-350x350.png,https://scrapeme.live/shop/Pelipper/,"Pelipper searches for food while in flight by skimming the wave tops. This Pokémon dips its large bill in the sea to scoop up food, then swallows everything in one big gulp.",2276,296 in stock
Ralts,£151.00,https://scrapeme.live/wp-content/uploads/2018/08/280-350x350.png,https://scrapeme.live/shop/Ralts/,"Ralts has the ability to sense the emotions of people. If its Trainer is in a cheerful mood, this Pokémon grows cheerful and joyous in the same way.",1217,35 in stock
Kirlia,£186.00,https://scrapeme.live/wp-content/uploads/2018/08/281-350x350.png,https://scrapeme.live/shop/Kirlia/,"Kirlia uses the horns on its head to amplify its psychokinetic power. When the Pokémon uses its power, the air around it becomes distorted, creating mirages of nonexistent scenery.",1243,148 in stock
Gardevoir,£34.00,https://scrapeme.live/wp-content/uploads/2018/08/282-350x350.png,https://scrapeme.live/shop/Gardevoir/,Gardevoir has the psychokinetic power to distort the dimensions and create a small black hole. This Pokémon will try to protect its Trainer even at the risk of its own life.,8609,178 in stock
Surskit,£112.00,https://scrapeme.live/wp-content/uploads/2018/08/283-350x350.png,https://scrapeme.live/shop/Surskit/,"If Surskit senses danger, it secretes a thick, sugary syrup from the tip of its head. There are some Pokémon that love eating this syrup.",4453,41 in stock
Masquerain,£39.00,https://scrapeme.live/wp-content/uploads/2018/08/284-350x350.png,https://scrapeme.live/shop/Masquerain/,"Masquerain’s antennas have eyelike patterns that usually give it an angry look. If the “eyes” are droopy and appear sad, it is said to be a sign that a heavy rainfall is on its way.",4576,99 in stock
Shroomish,£31.00,https://scrapeme.live/wp-content/uploads/2018/08/285-350x350.png,https://scrapeme.live/shop/Shroomish/,"If Shroomish senses danger, it shakes its body and scatters spores from the top of its head. This Pokémon’s spores are so toxic, they make trees and weeds wilt.",8176,160 in stock
Breloom,£113.00,https://scrapeme.live/wp-content/uploads/2018/08/286-350x350.png,https://scrapeme.live/shop/Breloom/,The seeds ringing Breloom’s tail are made of hardened toxic spores. It is horrible to eat the seeds. Just taking a bite of this Pokémon’s seed will cause your stomach to rumble.,7305,250 in stock
Slakoth,£69.00,https://scrapeme.live/wp-content/uploads/2018/08/287-350x350.png,https://scrapeme.live/shop/Slakoth/,"Slakoth’s heart beats just once a minute. Whatever happens, it is content to loaf around motionless. It is rare to see this Pokémon in motion.",6989,300 in stock
Vigoroth,£25.00,https://scrapeme.live/wp-content/uploads/2018/08/288-350x350.png,https://scrapeme.live/shop/Vigoroth/,"Vigoroth is simply incapable of remaining still. Even when it tries to sleep, the blood in its veins grows agitated, compelling this Pokémon to run wild throughout the jungle before it can settle down.",9710,299 in stock
Slaking,£119.00,https://scrapeme.live/wp-content/uploads/2018/08/289-350x350.png,https://scrapeme.live/shop/Slaking/,"Wherever Slaking live, rings of over a yard in diameter appear in grassy fields. They are made by the Pokémon as it eats all the grass within reach while lying prone on the ground.",3413,145 in stock
Nincada,£38.00,https://scrapeme.live/wp-content/uploads/2018/08/290-350x350.png,https://scrapeme.live/shop/Nincada/,Nincada lives underground. It uses its sharp claws to carve the roots of trees and absorb moisture and nutrients. This Pokémon can’t withstand bright sunlight so avoids it.,4001,239 in stock
Ninjask,£161.00,https://scrapeme.live/wp-content/uploads/2018/08/291-350x350.png,https://scrapeme.live/shop/Ninjask/,"If Ninjask is not trained properly, it will refuse to obey the Trainer and cry loudly continuously. Because of this quality, this Pokémon is said to be one that puts the Trainer’s abilities to the test.",5002,276 in stock
Shedinja,£128.00,https://scrapeme.live/wp-content/uploads/2018/08/292-350x350.png,https://scrapeme.live/shop/Shedinja/,Shedinja is a peculiar Pokémon. It seems to appear unsought in a Poké Ball after a Nincada evolves. This bizarre Pokémon is entirely immobile—it doesn’t even breathe.,2572,152 in stock
Whismur,£137.00,https://scrapeme.live/wp-content/uploads/2018/08/293-350x350.png,https://scrapeme.live/shop/Whismur/,"Whismur is very timid. If it starts to cry loudly, it becomes startled by its own crying and cries even harder. When it finally stops crying, the Pokémon goes to sleep, all tired out.",1446,216 in stock
Loudred,£145.00,https://scrapeme.live/wp-content/uploads/2018/08/294-350x350.png,https://scrapeme.live/shop/Loudred/,"Loudred shouts while stamping its feet. After it finishes shouting, this Pokémon becomes incapable of hearing anything for a while. This is considered to be a weak point.",8065,95 in stock
Exploud,£161.00,https://scrapeme.live/wp-content/uploads/2018/08/295-350x350.png,https://scrapeme.live/shop/Exploud/,Exploud communicates its feelings to the others by emitting whistle-like sounds from the tubes on its body. This Pokémon only raises its voice when it is in battle.,2334,89 in stock
Makuhita,£30.00,https://scrapeme.live/wp-content/uploads/2018/08/296-350x350.png,https://scrapeme.live/shop/Makuhita/,"Makuhita has a tireless spirit—it will never give up hope. It eats a lot of food, gets plenty of sleep, and it trains very rigorously. By living that way, this Pokémon packs its body with energy.",2035,109 in stock
Hariyama,£176.00,https://scrapeme.live/wp-content/uploads/2018/08/297-350x350.png,https://scrapeme.live/shop/Hariyama/,"Hariyama’s thick body may appear fat, but it is actually a hunk of solid muscle. If this Pokémon bears down and tightens all its muscles, its body becomes as hard as a rock.",2656,275 in stock
Azurill,£70.00,https://scrapeme.live/wp-content/uploads/2018/08/298-350x350.png,https://scrapeme.live/shop/Azurill/,"Azurill’s tail is large and bouncy. It is packed full of the nutrients this Pokémon needs to grow. Azurill can be seen bouncing and playing on its big, rubbery tail.",7001,37 in stock
Nosepass,£41.00,https://scrapeme.live/wp-content/uploads/2018/08/299-350x350.png,https://scrapeme.live/shop/Nosepass/,"Nosepass had been said to be completely unmoving, with its magnetic nose pointed due north. However, close observation has revealed that the Pokémon actually moves by a little over 3/8 of an inch every year.",5893,111 in stock
Skitty,£156.00,https://scrapeme.live/wp-content/uploads/2018/08/300-350x350.png,https://scrapeme.live/shop/Skitty/,"Skitty is known to chase around playfully after its own tail. In the wild, this Pokémon lives in holes in the trees of forests. It is very popular as a pet because of its adorable looks.",7257,27 in stock
Delcatty,£170.00,https://scrapeme.live/wp-content/uploads/2018/08/301-350x350.png,https://scrapeme.live/shop/Delcatty/,"Delcatty sleeps anywhere it wants without keeping a permanent nest. If other Pokémon approach it as it sleeps, this Pokémon will never fight—it will just move away somewhere else.",3487,148 in stock
Sableye,£81.00,https://scrapeme.live/wp-content/uploads/2018/08/302-350x350.png,https://scrapeme.live/shop/Sableye/,Sableye digs the ground with sharpened claws to find rocks that it eats. Substances in the eaten rocks crystallize and rise up to the Pokémon’s body surface.,2323,12 in stock
Mawile,£119.00,https://scrapeme.live/wp-content/uploads/2018/08/303-350x350.png,https://scrapeme.live/shop/Mawile/,"Don’t be taken in by this Pokémon’s cute face—it’s very dangerous. Mawile fools the foe into letting down its guard, then chomps down with its massive jaws. The steel jaws are really horns that have been transformed.",2329,133 in stock
Aron,£149.00,https://scrapeme.live/wp-content/uploads/2018/08/304-350x350.png,https://scrapeme.live/shop/Aron/,"Aron has a body of steel. With one all-out charge, this Pokémon can demolish even a heavy dump truck. The destroyed dump truck then becomes a handy meal for the Pokémon.",1520,104 in stock
Lairon,£70.00,https://scrapeme.live/wp-content/uploads/2018/08/305-350x350.png,https://scrapeme.live/shop/Lairon/,"Lairon feeds on iron contained in rocks and water. It makes its nest on mountains where iron ore is buried. As a result, the Pokémon often clashes with humans mining the iron ore.",7087,236 in stock
Aggron,£140.00,https://scrapeme.live/wp-content/uploads/2018/08/306-350x350.png,https://scrapeme.live/shop/Aggron/,"Aggron is protective of its environment. If its mountain is ravaged by a landslide or a fire, this Pokémon will haul topsoil to the area, plant trees, and beautifully restore its own territory.",1323,61 in stock
Meditite,£97.00,https://scrapeme.live/wp-content/uploads/2018/08/307-350x350.png,https://scrapeme.live/shop/Meditite/,Meditite heightens its inner energy through meditation. It survives on just one berry a day. Minimal eating is another aspect of this Pokémon’s training.,8998,11 in stock
Medicham,£77.00,https://scrapeme.live/wp-content/uploads/2018/08/308-350x350.png,https://scrapeme.live/shop/Medicham/,"Through the power of meditation, Medicham developed its sixth sense. It gained the ability to use psychokinetic powers. This Pokémon is known to meditate for a whole month without eating.",2121,150 in stock
Electrike,£145.00,https://scrapeme.live/wp-content/uploads/2018/08/309-350x350.png,https://scrapeme.live/shop/Electrike/,"Electrike runs faster than the human eye can follow. The friction from running is converted into electricity, which is then stored in this Pokémon’s fur.",8674,124 in stock
Manectric,£76.00,https://scrapeme.live/wp-content/uploads/2018/08/310-350x350.png,https://scrapeme.live/shop/Manectric/,Manectric discharges strong electricity from its mane. The mane is used for collecting electricity in the atmosphere. This Pokémon creates thunderclouds above its head.,5500,237 in stock
Plusle,£56.00,https://scrapeme.live/wp-content/uploads/2018/08/311-350x350.png,https://scrapeme.live/shop/Plusle/,"When Plusle is cheering on its partner, it flashes with electric sparks from all over its body. If its partner loses, this Pokémon cries loudly.",5972,243 in stock
Minun,£193.00,https://scrapeme.live/wp-content/uploads/2018/08/312-350x350.png,https://scrapeme.live/shop/Minun/,"Minun loves to cheer on its partner in battle. It gives off sparks from its body while it is doing so. If its partner is in trouble, this Pokémon gives off increasing amounts of sparks.",2294,215 in stock
Volbeat,£123.00,https://scrapeme.live/wp-content/uploads/2018/08/313-350x350.png,https://scrapeme.live/shop/Volbeat/,"Volbeat’s tail glows like a lightbulb. With other Volbeat, it uses its tail to draw geometric shapes in the night sky. This Pokémon loves the sweet aroma given off by Illumise.",1715,79 in stock
Illumise,£167.00,https://scrapeme.live/wp-content/uploads/2018/08/314-350x350.png,https://scrapeme.live/shop/Illumise/,Illumise leads a flight of illuminated Volbeat to draw signs in the night sky. This Pokémon is said to earn greater respect from its peers by composing more complex designs in the sky.,7540,77 in stock
Roselia,£90.00,https://scrapeme.live/wp-content/uploads/2018/08/315-350x350.png,https://scrapeme.live/shop/Roselia/,"On extremely rare occasions, a Roselia is said to appear with its flowers in unusual colors. The thorns on this Pokémon’s head contain a vicious poison.",2703,114 in stock
Gulpin,£136.00,https://scrapeme.live/wp-content/uploads/2018/08/316-350x350.png,https://scrapeme.live/shop/Gulpin/,Most of Gulpin’s body is made up of its stomach—its heart and brain are very small in comparison. This Pokémon’s stomach contains special enzymes that dissolve anything.,5122,35 in stock
Swalot,£130.00,https://scrapeme.live/wp-content/uploads/2018/08/317-350x350.png,https://scrapeme.live/shop/Swalot/,"Swalot has no teeth, so what it eats, it swallows whole, no matter what. Its cavernous mouth yawns widely. An automobile tire could easily fit inside this Pokémon’s mouth.",2075,133 in stock
Carvanha,£25.00,https://scrapeme.live/wp-content/uploads/2018/08/318-350x350.png,https://scrapeme.live/shop/Carvanha/,"If anything invades Carvanha’s territory, it will swarm and tear at the intruder with its pointed fangs. On its own, however, this Pokémon turns suddenly timid.",8826,80 in stock
Sharpedo,£129.00,https://scrapeme.live/wp-content/uploads/2018/08/319-350x350.png,https://scrapeme.live/shop/Sharpedo/,Sharpedo can swim at speeds of up to 75 mph by jetting seawater out of its backside. This Pokémon’s drawback is its inability to swim long distances.,8327,160 in stock
Wailmer,£90.00,https://scrapeme.live/wp-content/uploads/2018/08/320-350x350.png,https://scrapeme.live/shop/Wailmer/,"Wailmer can store water inside its body to transform itself into a ball for bouncing around on the ground. By filling itself up with more water, this Pokémon can elevate the height of its bounces.",7524,115 in stock
Wailord,£150.00,https://scrapeme.live/wp-content/uploads/2018/08/321-350x350.png,https://scrapeme.live/shop/Wailord/,"When chasing prey, Wailord herds them by leaping out of the water and making a humongous splash. It is breathtaking to see this Pokémon leaping out of the sea with others in its pod.",7833,47 in stock
Numel,£170.00,https://scrapeme.live/wp-content/uploads/2018/08/322-350x350.png,https://scrapeme.live/shop/Numel/,"Numel stores magma of almost 2,200 degrees Fahrenheit within its body. If it gets wet, the magma cools and hardens. In that event, the Pokémon’s body grows heavy and its movements become sluggish.",1767,179 in stock
Camerupt,£124.00,https://scrapeme.live/wp-content/uploads/2018/08/323-350x350.png,https://scrapeme.live/shop/Camerupt/,The humps on Camerupt’s back are formed by a transformation of its bones. They sometimes blast out molten magma. This Pokémon apparently erupts often when it is enraged.,7274,27 in stock
Torkoal,£98.00,https://scrapeme.live/wp-content/uploads/2018/08/324-350x350.png,https://scrapeme.live/shop/Torkoal/,"Torkoal generates energy by burning coal. It grows weaker as the fire dies down. When it is preparing for battle, this Pokémon burns more coal.",4605,282 in stock
Spoink,£163.00,https://scrapeme.live/wp-content/uploads/2018/08/325-350x350.png,https://scrapeme.live/shop/Spoink/,Spoink keeps a pearl on top of its head. The pearl functions to amplify this Pokémon’s psychokinetic powers. It is therefore on a constant search for a bigger pearl.,7700,208 in stock
Grumpig,£182.00,https://scrapeme.live/wp-content/uploads/2018/08/326-350x350.png,https://scrapeme.live/shop/Grumpig/,"Grumpig uses the black pearls on its body to wield its fantastic powers. When it is doing so, it dances bizarrely. This Pokémon’s black pearls are valuable as works of art.",6263,60 in stock
Spinda,£149.00,https://scrapeme.live/wp-content/uploads/2018/08/327-350x350.png,https://scrapeme.live/shop/Spinda/,No two Spinda are said to have identical spot patterns on their hides. This Pokémon moves in a curious manner as if it is stumbling in dizziness. Its lurching movements can cause the opponent to become confused.,7350,156 in stock
Trapinch,£116.00,https://scrapeme.live/wp-content/uploads/2018/08/328-350x350.png,https://scrapeme.live/shop/Trapinch/,Trapinch is a patient hunter. It digs an inescapable pit in a desert and waits for its prey to come tumbling down. This Pokémon can go a whole week without access to any water.,4740,269 in stock
Vibrava,£200.00,https://scrapeme.live/wp-content/uploads/2018/08/329-350x350.png,https://scrapeme.live/shop/Vibrava/,"Vibrava’s wings have not yet completed the process of growing. Rather than flying long distances, they are more useful for generating ultrasonic waves by vibrating.",9249,218 in stock
Flygon,£174.00,https://scrapeme.live/wp-content/uploads/2018/08/330-350x350.png,https://scrapeme.live/shop/Flygon/,"Flygon whips up a sandstorm by flapping its wings. The wings create a series of notes that sound like singing. Because the “singing” is the only thing that can be heard in a sandstorm, this Pokémon is said to be the desert spirit.",4103,42 in stock
Cacnea,£105.00,https://scrapeme.live/wp-content/uploads/2018/08/331-350x350.png,https://scrapeme.live/shop/Cacnea/,"The more arid and harsh the environment, the more pretty and fragrant a flower Cacnea grows. This Pokémon battles by wildly swinging its thorny arms.",5000,31 in stock
Cacturne,£31.00,https://scrapeme.live/wp-content/uploads/2018/08/332-350x350.png,https://scrapeme.live/shop/Cacturne/,"If a traveler is going through a desert in the thick of night, Cacturne will follow in a ragtag group. The Pokémon are biding their time, waiting for the traveler to tire and become incapable of moving.",8491,204 in stock
Swablu,£121.00,https://scrapeme.live/wp-content/uploads/2018/08/333-350x350.png,https://scrapeme.live/shop/Swablu/,"Swablu loves to make things clean. If it spots something dirty, it will wipe and polish it with its cottony wings. If its wings become dirty, this Pokémon finds a stream and showers itself.",3915,169 in stock
Altaria,£104.00,https://scrapeme.live/wp-content/uploads/2018/08/334-350x350.png,https://scrapeme.live/shop/Altaria/,Altaria sings in a gorgeous soprano. Its wings are like cotton clouds. This Pokémon catches updrafts with its buoyant wings and soars way up into the wild blue yonder.,9924,136 in stock
Seviper,£107.00,https://scrapeme.live/wp-content/uploads/2018/08/336-350x350.png,https://scrapeme.live/shop/Seviper/,Seviper’s swordlike tail serves two purposes—it slashes foes and douses them with secreted poison. This Pokémon will not give up its long-running blood feud with Zangoose.,9903,300 in stock
Lunatone,£177.00,https://scrapeme.live/wp-content/uploads/2018/08/337-350x350.png,https://scrapeme.live/shop/Lunatone/,"Lunatone becomes active around the time of the full moon. Instead of walking, it moves by floating in midair. The Pokémon’s intimidating red eyes cause all those who see it to become transfixed with fear.",5917,91 in stock
Solrock,£57.00,https://scrapeme.live/wp-content/uploads/2018/08/338-350x350.png,https://scrapeme.live/shop/Solrock/,Sunlight is the source of Solrock’s power. It is said to possess the ability to read the emotions of others. This Pokémon gives off intense heat while rotating its body.,5510,91 in stock
Whiscash,£179.00,https://scrapeme.live/wp-content/uploads/2018/08/340-350x350.png,https://scrapeme.live/shop/Whiscash/,"If Whiscash goes on a wild rampage, it sets off a quake-like tremor with a radius of over three miles. This Pokémon has the ability to predict real earthquakes.",6220,266 in stock
Corphish,£178.00,https://scrapeme.live/wp-content/uploads/2018/08/341-350x350.png,https://scrapeme.live/shop/Corphish/,Corphish catches prey with its sharp claws. It has no likes or dislikes when it comes to food—it will eat anything. This Pokémon has no trouble living in filthy water.,8905,62 in stock
Crawdaunt,£173.00,https://scrapeme.live/wp-content/uploads/2018/08/342-350x350.png,https://scrapeme.live/shop/Crawdaunt/,"Crawdaunt molts (sheds) its shell regularly. Immediately after molting, its shell is soft and tender. Until the shell hardens, this Pokémon hides in its streambed burrow to avoid attack from its foes.",3652,21 in stock
Baltoy,£167.00,https://scrapeme.live/wp-content/uploads/2018/08/343-350x350.png,https://scrapeme.live/shop/Baltoy/,"As soon as it spots others of its kind, Baltoy congregates with them and then begins crying noisily in unison. This Pokémon sleeps while cleverly balancing itself on its one foot.",8305,159 in stock
Claydol,£197.00,https://scrapeme.live/wp-content/uploads/2018/08/344-350x350.png,https://scrapeme.live/shop/Claydol/,"Claydol is an enigma that appeared from a clay statue made by an ancient civilization dating back 20,000 years. This Pokémon shoots beams from both its hands.",3698,128 in stock
Lileep,£87.00,https://scrapeme.live/wp-content/uploads/2018/08/345-350x350.png,https://scrapeme.live/shop/Lileep/,"Lileep is an ancient Pokémon that was regenerated from a fossil. It remains permanently anchored to a rock. From its immobile perch, this Pokémon intently scans for prey with its two eyes.",2965,268 in stock
Cradily,£154.00,https://scrapeme.live/wp-content/uploads/2018/08/346-350x350.png,https://scrapeme.live/shop/Cradily/,"Cradily’s body serves as an anchor, preventing it from being washed away in rough seas. This Pokémon secretes a strong digestive fluid from its tentacles.",5809,183 in stock
Anorith,£64.00,https://scrapeme.live/wp-content/uploads/2018/08/347-350x350.png,https://scrapeme.live/shop/Anorith/,"Anorith is said to be a type of Pokémon predecessor, with eight wings at the sides of its body. This Pokémon swam in the primordial sea by undulating these eight wings.",2511,222 in stock
Armaldo,£42.00,https://scrapeme.live/wp-content/uploads/2018/08/348-350x350.png,https://scrapeme.live/shop/Armaldo/,"Armaldo is a Pokémon species that became extinct in prehistoric times. This Pokémon is said to have walked on its hind legs, which would have been more convenient for life on land.",3328,78 in stock
Feebas,£194.00,https://scrapeme.live/wp-content/uploads/2018/08/349-350x350.png,https://scrapeme.live/shop/Feebas/,"While Feebas’s body is in tatters, it has a hardy and tenacious life force that enables it to live anywhere. However, this Pokémon is also slow and dimwitted, making it an easy catch.",6505,146 in stock
Milotic,£152.00,https://scrapeme.live/wp-content/uploads/2018/08/350-350x350.png,https://scrapeme.live/shop/Milotic/,"Milotic live at the bottom of large lakes. When this Pokémon’s body glows a vivid pink, it releases a pulsing wave of energy that brings soothing calm to troubled hearts.",4867,79 in stock
Castform,£119.00,https://scrapeme.live/wp-content/uploads/2018/08/351-350x350.png,https://scrapeme.live/shop/Castform/,"Castform borrows the power of nature to transform itself into the guises of the sun, rain, and snow-clouds. This Pokémon’s feelings change with the weather.",9535,131 in stock
Kecleon,£100.00,https://scrapeme.live/wp-content/uploads/2018/08/352-350x350.png,https://scrapeme.live/shop/Kecleon/,"Kecleon alters its body coloration to blend in with its surroundings, allowing it to sneak up on its prey unnoticed. Then it lashes out with its long, stretchy tongue to instantly ensnare the unsuspecting target.",2351,53 in stock
Shuppet,£174.00,https://scrapeme.live/wp-content/uploads/2018/08/353-350x350.png,https://scrapeme.live/shop/Shuppet/,"Shuppet grows by feeding on dark emotions, such as vengefulness and envy, in the hearts of people. It roams through cities in search of grudges that taint people.",7348,138 in stock
Banette,£104.00,https://scrapeme.live/wp-content/uploads/2018/08/354-350x350.png,https://scrapeme.live/shop/Banette/,"A cursed energy permeated the stuffing of a discarded and forgotten plush doll, giving it new life as Banette. The Pokémon’s energy would escape if it were to ever open its mouth.",6213,233 in stock
Duskull,£139.00,https://scrapeme.live/wp-content/uploads/2018/08/355-350x350.png,https://scrapeme.live/shop/Duskull/,Duskull wanders lost among the deep darkness of midnight. There is an oft-told admonishment given to misbehaving children that this Pokémon will spirit away bad children who earn scoldings from their mothers.,6627,75 in stock
Dusclops,£39.00,https://scrapeme.live/wp-content/uploads/2018/08/356-350x350.png,https://scrapeme.live/shop/Dusclops/,"Dusclops absorbs anything, however large the object may be. This Pokémon hypnotizes its foe by waving its hands in a macabre manner and by bringing its single eye to bear. The hypnotized foe is made to do Dusclops’s bidding.",4994,82 in stock
Tropius,£196.00,https://scrapeme.live/wp-content/uploads/2018/08/357-350x350.png,https://scrapeme.live/shop/Tropius/,Children of the southern tropics eat as snacks the fruit that grows in bunches around the neck of Tropius. This Pokémon flies by flapping the leaves on its back as if they were wings.,7266,66 in stock
Chimecho,£51.00,https://scrapeme.live/wp-content/uploads/2018/08/358-350x350.png,https://scrapeme.live/shop/Chimecho/,"In high winds, Chimecho cries as it hangs from a tree branch or the eaves of a building using a suction cup on its head. This Pokémon plucks berries with its long tail and eats them.",6688,43 in stock
Absol,£134.00,https://scrapeme.live/wp-content/uploads/2018/08/359-350x350.png,https://scrapeme.live/shop/Absol/,"Absol has the ability to foretell the coming of natural disasters. It lives in a harsh, rugged mountain environment. This Pokémon very rarely ventures down from the mountains.",3431,59 in stock
Wynaut,£168.00,https://scrapeme.live/wp-content/uploads/2018/08/360-350x350.png,https://scrapeme.live/shop/Wynaut/,"Wynaut gather on moonlit nights to play by squeezing up against each other. By being squeezed, this Pokémon gains endurance and is trained to dole out powerful counterattacks.",9836,155 in stock
Snorunt,£82.00,https://scrapeme.live/wp-content/uploads/2018/08/361-350x350.png,https://scrapeme.live/shop/Snorunt/,Snorunt survives by eating only snow and ice. Old folklore claims that a house visited by this Pokémon is sure to prosper for many generations to come.,1099,80 in stock
Glalie,£178.00,https://scrapeme.live/wp-content/uploads/2018/08/362-350x350.png,https://scrapeme.live/shop/Glalie/,"Glalie has the ability to freely control ice. For example, it can instantly freeze its prey solid. After immobilizing its prey in ice, this Pokémon enjoys eating it in leisurely fashion.",8582,14 in stock
Spheal,£193.00,https://scrapeme.live/wp-content/uploads/2018/08/363-350x350.png,https://scrapeme.live/shop/Spheal/,"Spheal always travels by rolling around on its ball-like body. When the season for ice floes arrives, this Pokémon can be seen rolling about on ice and crossing the sea.",7748,170 in stock
Sealeo,£160.00,https://scrapeme.live/wp-content/uploads/2018/08/364-350x350.png,https://scrapeme.live/shop/Sealeo/,"Sealeo often balances and rolls things on the tip of its nose. While the Pokémon is rolling something, it checks the object’s aroma and texture to determine whether it likes the object or not.",4231,171 in stock
Walrein,£27.00,https://scrapeme.live/wp-content/uploads/2018/08/365-350x350.png,https://scrapeme.live/shop/Walrein/,"Walrein swims all over in frigid seawater while crushing icebergs with its grand, imposing tusks. Its thick layer of blubber makes enemy attacks bounce off harmlessly.",1600,226 in stock
Clamperl,£48.00,https://scrapeme.live/wp-content/uploads/2018/08/366-350x350.png,https://scrapeme.live/shop/Clamperl/,"Clamperl grows while being protected by its rock-hard shell. When its body becomes too large to fit inside the shell, it is sure evidence that this Pokémon is getting close to evolution.",2967,139 in stock
Huntail,£52.00,https://scrapeme.live/wp-content/uploads/2018/08/367-350x350.png,https://scrapeme.live/shop/Huntail/,"Huntail’s tail is shaped like a fish. It uses the tail to attract prey, then swallows the prey whole with its large, gaping mouth. This Pokémon swims by wiggling its slender body like a snake.",2805,54 in stock
Gorebyss,£150.00,https://scrapeme.live/wp-content/uploads/2018/08/368-350x350.png,https://scrapeme.live/shop/Gorebyss/,"Although Gorebyss is the very picture of elegance and beauty while swimming, it is also cruel. When it spots prey, this Pokémon inserts its thin mouth into the prey’s body and drains the prey of its body fluids.",9428,165 in stock
Relicanth,£157.00,https://scrapeme.live/wp-content/uploads/2018/08/369-350x350.png,https://scrapeme.live/shop/Relicanth/,Relicanth is a rare species that was discovered in deep-sea explorations. This Pokémon’s body withstands the enormous water pressure of the ocean depths. Its body is covered in tough scales that are like craggy rocks.,7988,14 in stock
Luvdisc,£44.00,https://scrapeme.live/wp-content/uploads/2018/08/370-350x350.png,https://scrapeme.live/shop/Luvdisc/,Luvdisc’s heart-shaped body is a symbol of love and romance. It is said that any couple meeting this Pokémon is promised a loving relationship that never ends.,4868,190 in stock
Bagon,£34.00,https://scrapeme.live/wp-content/uploads/2018/08/371-350x350.png,https://scrapeme.live/shop/Bagon/,"Bagon harbors a never-ending dream of one day soaring high among the clouds. As if trying to dispel its frustration over its inability to fly, this Pokémon slams its hard head against huge rocks and shatters them into pebbles.",3372,232 in stock
Shelgon,£56.00,https://scrapeme.live/wp-content/uploads/2018/08/372-350x350.png,https://scrapeme.live/shop/Shelgon/,"Covering Shelgon’s body are outgrowths much like bones. The shell is very hard and bounces off enemy attacks. When awaiting evolution, this Pokémon hides away in a cavern.",1384,76 in stock
Salamence,£62.00,https://scrapeme.live/wp-content/uploads/2018/08/373-350x350.png,https://scrapeme.live/shop/Salamence/,"By evolving into Salamence, this Pokémon finally realizes its long-held dream of growing wings. To express its joy, it flies and wheels all over the sky while spouting flames from its mouth.",7686,242 in stock
Beldum,£122.00,https://scrapeme.live/wp-content/uploads/2018/08/374-350x350.png,https://scrapeme.live/shop/Beldum/,"Beldum keeps itself floating by generating a magnetic force that repels earth’s natural magnetism. When it sleeps, this Pokémon anchors itself to a cliff using the hooks on its rear.",3484,93 in stock
Metang,£78.00,https://scrapeme.live/wp-content/uploads/2018/08/375-350x350.png,https://scrapeme.live/shop/Metang/,"When two Beldum fuse together, Metang is formed. The brains of the Beldum are joined by a magnetic nervous system. This Pokémon turns its arms to the rear for traveling at high speed.",6906,227 in stock
Metagross,£170.00,https://scrapeme.live/wp-content/uploads/2018/08/376-350x350.png,https://scrapeme.live/shop/Metagross/,"Metagross is the result of two Metang achieving fusion. When hunting, this Pokémon pins the prey to the ground under its massive body. It then eats the helpless victim using the large mouth on its stomach.",8825,177 in stock
Regirock,£66.00,https://scrapeme.live/wp-content/uploads/2018/08/377-350x350.png,https://scrapeme.live/shop/Regirock/,"Regirock’s body is composed entirely of rocks. Recently, a study made the startling discovery that the rocks were all unearthed from different locations.",5687,65 in stock
Regice,£165.00,https://scrapeme.live/wp-content/uploads/2018/08/378-350x350.png,https://scrapeme.live/shop/Regice/,"Regice cloaks itself with frigid air of -328 degrees Fahrenheit. Things will freeze solid just by going near this Pokémon. Its icy body is so cold, it will not melt even if it is immersed in magma.",2261,107 in stock
Registeel,£196.00,https://scrapeme.live/wp-content/uploads/2018/08/379-350x350.png,https://scrapeme.live/shop/Registeel/,Registeel was imprisoned by people in ancient times. The metal composing its body is thought to be a curious substance that is not of this earth.,6723,67 in stock
Latias,£126.00,https://scrapeme.live/wp-content/uploads/2018/08/380-350x350.png,https://scrapeme.live/shop/Latias/,Latias is highly intelligent and capable of understanding human speech. It is covered with a glass-like down. The Pokémon enfolds its body with its down and refracts light to alter its appearance.,5077,245 in stock
Latios,£166.00,https://scrapeme.live/wp-content/uploads/2018/08/381-350x350.png,https://scrapeme.live/shop/Latios/,Latios will only open its heart to a Trainer with a compassionate spirit. This Pokémon can fly faster than a jet plane by folding its forelegs to minimize air resistance.,7850,197 in stock
Kyogre,£27.00,https://scrapeme.live/wp-content/uploads/2018/08/382-350x350.png,https://scrapeme.live/shop/Kyogre/,"Kyogre is said to be the personification of the sea itself. Legends tell of its many clashes against Groudon, as each sought to gain the power of nature.",5206,136 in stock
Groudon,£124.00,https://scrapeme.live/wp-content/uploads/2018/08/383-350x350.png,https://scrapeme.live/shop/Groudon/,"Through Primal Reversion and with nature’s full power, it will take back its true form. It can cause magma to erupt and expand the landmass of the world.",6626,138 in stock
Rayquaza,£97.00,https://scrapeme.live/wp-content/uploads/2018/08/384-350x350.png,https://scrapeme.live/shop/Rayquaza/,"It flies forever through the ozone layer, consuming meteoroids for sustenance. The many meteoroids in its body provide the energy it needs to Mega Evolve.",5410,31 in stock
Jirachi,£111.00,https://scrapeme.live/wp-content/uploads/2018/08/385-350x350.png,https://scrapeme.live/shop/Jirachi/,Jirachi will awaken from its sleep of a thousand years if you sing to it in a voice of purity. It is said to make true any wish that people desire.,7952,294 in stock
Turtwig,£101.00,https://scrapeme.live/wp-content/uploads/2018/08/387-350x350.png,https://scrapeme.live/shop/Turtwig/,"It undertakes photosynthesis with its body, making oxygen. The leaf on its head wilts if it is thirsty.",8788,254 in stock
Grotle,£154.00,https://scrapeme.live/wp-content/uploads/2018/08/388-350x350.png,https://scrapeme.live/shop/Grotle/,It knows where pure water wells up. It carries fellow Pokémon there on its back.,7359,187 in stock
Torterra,£87.00,https://scrapeme.live/wp-content/uploads/2018/08/389-350x350.png,https://scrapeme.live/shop/Torterra/,Small Pokémon occasionally gather on its unmoving back to begin building their nests.,8373,146 in stock
Chimchar,£143.00,https://scrapeme.live/wp-content/uploads/2018/08/390-350x350.png,https://scrapeme.live/shop/Chimchar/,The gas made in its belly burns from its rear end. The fire burns weakly when it feels sick.,5021,242 in stock
Monferno,£68.00,https://scrapeme.live/wp-content/uploads/2018/08/391-350x350.png,https://scrapeme.live/shop/Monferno/,It uses ceilings and walls to launch aerial attacks. Its fiery tail is but one weapon.,8413,299 in stock
Infernape,£165.00,https://scrapeme.live/wp-content/uploads/2018/08/392-350x350.png,https://scrapeme.live/shop/Infernape/,It tosses its enemies around with agility. It uses all its limbs to fight in its own unique style.,3225,82 in stock
Prinplup,£177.00,https://scrapeme.live/wp-content/uploads/2018/08/394-350x350.png,https://scrapeme.live/shop/Prinplup/,It lives a solitary life. Its wings deliver wicked blows that can snap even the thickest of trees.,5785,52 in stock
Empoleon,£42.00,https://scrapeme.live/wp-content/uploads/2018/08/395-350x350.png,https://scrapeme.live/shop/Empoleon/,The three horns that extend from its beak attest to its power. The leader has the biggest horns.,2449,232 in stock
Starly,£59.00,https://scrapeme.live/wp-content/uploads/2018/08/396-350x350.png,https://scrapeme.live/shop/Starly/,"They flock around mountains and fields, chasing after bug Pokémon. Their singing is noisy and annoying.",3055,110 in stock
Staravia,£158.00,https://scrapeme.live/wp-content/uploads/2018/08/397-350x350.png,https://scrapeme.live/shop/Staravia/,It lives in forests and fields. Squabbles over territory occur when flocks collide.,1799,263 in stock
Staraptor,£42.00,https://scrapeme.live/wp-content/uploads/2018/08/398-350x350.png,https://scrapeme.live/shop/Staraptor/,"When Staravia evolve into Staraptor, they leave the flock to live alone. They have sturdy wings.",9866,131 in stock
Bidoof,£128.00,https://scrapeme.live/wp-content/uploads/2018/08/399-350x350.png,https://scrapeme.live/shop/Bidoof/,It constantly gnaws on logs and rocks to whittle down its front teeth. It nests alongside water.,1171,264 in stock
Bibarel,£114.00,https://scrapeme.live/wp-content/uploads/2018/08/400-350x350.png,https://scrapeme.live/shop/Bibarel/,It makes its nest by damming streams with bark and mud. It is known as an industrious worker.,6844,156 in stock
Kricketot,£94.00,https://scrapeme.live/wp-content/uploads/2018/08/401-350x350.png,https://scrapeme.live/shop/Kricketot/,"When its antennae hit each other, it sounds like the music of a xylophone.",9812,137 in stock
Kricketune,£53.00,https://scrapeme.live/wp-content/uploads/2018/08/402-350x350.png,https://scrapeme.live/shop/Kricketune/,It signals its emotions with its melodies. Scientists are studying these melodic patterns.,8726,186 in stock
Shinx,£149.00,https://scrapeme.live/wp-content/uploads/2018/08/403-350x350.png,https://scrapeme.live/shop/Shinx/,All of its fur dazzles if danger is sensed. It flees while the foe is momentarily blinded.,1507,295 in stock
Luxio,£168.00,https://scrapeme.live/wp-content/uploads/2018/08/404-350x350.png,https://scrapeme.live/shop/Luxio/,Strong electricity courses through the tips of its sharp claws. A light scratch causes fainting in foes.,9734,222 in stock
Luxray,£43.00,https://scrapeme.live/wp-content/uploads/2018/08/405-350x350.png,https://scrapeme.live/shop/Luxray/,Luxray’s ability to see through objects comes in handy when it’s scouting for danger.,4317,227 in stock
Budew,£171.00,https://scrapeme.live/wp-content/uploads/2018/08/406-350x350.png,https://scrapeme.live/shop/Budew/,"Over the winter, it closes its bud and endures the cold. In spring, the bud opens and releases pollen.",3438,62 in stock
Roserade,£155.00,https://scrapeme.live/wp-content/uploads/2018/08/407-350x350.png,https://scrapeme.live/shop/Roserade/,"With the movements of a dancer, it strikes with whips that are densely lined with poison thorns.",7696,116 in stock
Cranidos,£47.00,https://scrapeme.live/wp-content/uploads/2018/08/408-350x350.png,https://scrapeme.live/shop/Cranidos/,"A lifelong jungle dweller from 100 million years ago, it would snap obstructing trees with headbutts.",8627,98 in stock
Rampardos,£196.00,https://scrapeme.live/wp-content/uploads/2018/08/409-350x350.png,https://scrapeme.live/shop/Rampardos/,Its skull is as hard as iron. It is a brute that tears down jungle trees while catching prey.,3536,91 in stock
Shieldon,£42.00,https://scrapeme.live/wp-content/uploads/2018/08/410-350x350.png,https://scrapeme.live/shop/Shieldon/,It was generated from a fossil dug out of a layer of clay that was older than anyone knows. It has a sturdy face.,9942,284 in stock
Bastiodon,£191.00,https://scrapeme.live/wp-content/uploads/2018/08/411-350x350.png,https://scrapeme.live/shop/Bastiodon/,Any frontal attack is repulsed. It is a docile Pokémon that feeds on grass and berries.,6537,14 in stock
Burmy,£91.00,https://scrapeme.live/wp-content/uploads/2018/08/412-350x350.png,https://scrapeme.live/shop/Burmy/,"If its cloak is broken in battle, it quickly remakes the cloak with materials nearby.",6129,266 in stock
Mothim,£177.00,https://scrapeme.live/wp-content/uploads/2018/08/414-350x350.png,https://scrapeme.live/shop/Mothim/,It flutters around at night and steals honey from the Combee hive.,2443,151 in stock
Combee,£111.00,https://scrapeme.live/wp-content/uploads/2018/08/415-350x350.png,https://scrapeme.live/shop/Combee/,"It collects and delivers honey to its colony. At night, they cluster to form a beehive and sleep.",7856,254 in stock
Vespiquen,£104.00,https://scrapeme.live/wp-content/uploads/2018/08/416-350x350.png,https://scrapeme.live/shop/Vespiquen/,Its abdomen is a honeycomb for grubs. It raises its grubs on honey collected by Combee.,1078,123 in stock
Pachirisu,£151.00,https://scrapeme.live/wp-content/uploads/2018/08/417-350x350.png,https://scrapeme.live/shop/Pachirisu/,A pair may be seen rubbing their cheek pouches together in an effort to share stored electricity.,2264,86 in stock
Buizel,£55.00,https://scrapeme.live/wp-content/uploads/2018/08/418-350x350.png,https://scrapeme.live/shop/Buizel/,It inflates the flotation sac around its neck and pokes its head out of the water to see what is going on.,9044,62 in stock
Floatzel,£40.00,https://scrapeme.live/wp-content/uploads/2018/08/419-350x350.png,https://scrapeme.live/shop/Floatzel/,Its flotation sac developed as a result of pursuing aquatic prey. It can double as a rubber raft.,4591,116 in stock
Cherubi,£101.00,https://scrapeme.live/wp-content/uploads/2018/08/420-350x350.png,https://scrapeme.live/shop/Cherubi/,It evolves by sucking the energy out of the small ball where it had been storing nutrients.,5681,127 in stock
Cherrim,£161.00,https://scrapeme.live/wp-content/uploads/2018/08/421-350x350.png,https://scrapeme.live/shop/Cherrim/,"If it senses strong sunlight, it opens its folded petals to absorb the sun’s rays with its whole body.",2914,143 in stock
Shellos,£163.00,https://scrapeme.live/wp-content/uploads/2018/08/422-350x350.png,https://scrapeme.live/shop/Shellos/,"Its shape and coloration vary, depending on its habitat.",4538,149 in stock
Gastrodon,£148.00,https://scrapeme.live/wp-content/uploads/2018/08/423-350x350.png,https://scrapeme.live/shop/Gastrodon/,It apparently had a huge shell for protection in ancient times. It lives in shallow tidal pools.,8490,119 in stock
Ambipom,£36.00,https://scrapeme.live/wp-content/uploads/2018/08/424-350x350.png,https://scrapeme.live/shop/Ambipom/,"To eat, it deftly shucks nuts with its two tails. It rarely uses its arms now.",9199,247 in stock
Drifloon,£70.00,https://scrapeme.live/wp-content/uploads/2018/08/425-350x350.png,https://scrapeme.live/shop/Drifloon/,These Pokémon are called the “Signpost for Wandering Spirits.” Children holding them sometimes vanish.,6748,84 in stock
Drifblim,£36.00,https://scrapeme.live/wp-content/uploads/2018/08/426-350x350.png,https://scrapeme.live/shop/Drifblim/,"It’s drowsy in daytime, but flies off in the evening in big groups. No one knows where they go.",9301,233 in stock
Buneary,£180.00,https://scrapeme.live/wp-content/uploads/2018/08/427-350x350.png,https://scrapeme.live/shop/Buneary/,"When it senses danger, it perks up its ears. On cold nights, it sleeps with its head tucked into its fur.",6054,204 in stock
Lopunny,£123.00,https://scrapeme.live/wp-content/uploads/2018/08/428-350x350.png,https://scrapeme.live/shop/Lopunny/,"The ears appear to be delicate. If they are touched roughly, it kicks with its graceful legs.",1079,85 in stock
Mismagius,£38.00,https://scrapeme.live/wp-content/uploads/2018/08/429-350x350.png,https://scrapeme.live/shop/Mismagius/,Its cries sound like incantations to torment the foe. It appears where you least expect it.,7198,215 in stock
Honchkrow,£47.00,https://scrapeme.live/wp-content/uploads/2018/08/430-350x350.png,https://scrapeme.live/shop/Honchkrow/,"Becoming active at night, it is known to swarm with numerous Murkrow in tow.",7873,56 in stock
Glameow,£39.00,https://scrapeme.live/wp-content/uploads/2018/08/431-350x350.png,https://scrapeme.live/shop/Glameow/,"When it’s happy, Glameow demonstrates beautiful movements of its tail, like a dancing ribbon.",5014,96 in stock
Purugly,£128.00,https://scrapeme.live/wp-content/uploads/2018/08/432-350x350.png,https://scrapeme.live/shop/Purugly/,"To make itself appear intimidatingly beefy, it tightly cinches its waist with its twin tails.",6724,158 in stock
Stunky,£106.00,https://scrapeme.live/wp-content/uploads/2018/08/434-350x350.png,https://scrapeme.live/shop/Stunky/,It protects itself by spraying a noxious fluid from its rear. The stench lingers for 24 hours.,7336,12 in stock
Skuntank,£112.00,https://scrapeme.live/wp-content/uploads/2018/08/435-350x350.png,https://scrapeme.live/shop/Skuntank/,It sprays a stinky fluid from its tail. The fluid smells worse the longer it is allowed to fester.,6511,56 in stock
Bronzong,£110.00,https://scrapeme.live/wp-content/uploads/2018/08/437-350x350.png,https://scrapeme.live/shop/Bronzong/,Ancient people believed that petitioning Bronzong for rain was the way to make crops grow.,3873,191 in stock
Bonsly,£106.00,https://scrapeme.live/wp-content/uploads/2018/08/438-350x350.png,https://scrapeme.live/shop/Bonsly/,It prefers an arid atmosphere. It leaks water that looks like tears when adjusting its moisture level.,2897,273 in stock
Mime-jr,£170.00,https://scrapeme.live/wp-content/uploads/2018/08/439-350x350.png,https://scrapeme.live/shop/Mime-jr/,"It habitually mimics foes. Once mimicked, the foe cannot take its eyes off this Pokémon.",3409,188 in stock
Happiny,£67.00,https://scrapeme.live/wp-content/uploads/2018/08/440-350x350.png,https://scrapeme.live/shop/Happiny/,"It carefully carries a round, white rock that it thinks is an egg. It’s bothered by how curly its hair looks.",4766,270 in stock
Chatot,£78.00,https://scrapeme.live/wp-content/uploads/2018/08/441-350x350.png,https://scrapeme.live/shop/Chatot/,"It can learn and speak human words. If they gather, they all learn the same saying.",1336,261 in stock
Spiritomb,£165.00,https://scrapeme.live/wp-content/uploads/2018/08/442-350x350.png,https://scrapeme.live/shop/Spiritomb/,It was bound to a fissure in an odd keystone as punishment for misdeeds 500 years ago.,7680,51 in stock
Gible,£194.00,https://scrapeme.live/wp-content/uploads/2018/08/443-350x350.png,https://scrapeme.live/shop/Gible/,"It nests in small, horizontal holes in cave walls. It pounces to catch prey that stray too close.",6182,178 in stock
Gabite,£154.00,https://scrapeme.live/wp-content/uploads/2018/08/444-350x350.png,https://scrapeme.live/shop/Gabite/,"As it digs to expand its nest, it habitually digs up gems that it then hoards in its nest.",4593,128 in stock
Garchomp,£62.00,https://scrapeme.live/wp-content/uploads/2018/08/445-350x350.png,https://scrapeme.live/shop/Garchomp/,It flies at speeds equal to a jet fighter plane. It never allows its prey to escape.,8222,65 in stock
Munchlax,£190.00,https://scrapeme.live/wp-content/uploads/2018/08/446-350x350.png,https://scrapeme.live/shop/Munchlax/,It conceals food under the long fur on its body. It carts around this food stash and swallows it without chewing.,3240,239 in stock
Riolu,£70.00,https://scrapeme.live/wp-content/uploads/2018/08/447-350x350.png,https://scrapeme.live/shop/Riolu/,The aura that emanates from its body intensifies to alert others if it is afraid or sad.,6986,86 in stock
Lucario,£102.00,https://scrapeme.live/wp-content/uploads/2018/08/448-350x350.png,https://scrapeme.live/shop/Lucario/,"By reading the auras of all things, it can tell how others are feeling from over half a mile away.",1059,24 in stock
Hippopotas,£189.00,https://scrapeme.live/wp-content/uploads/2018/08/449-350x350.png,https://scrapeme.live/shop/Hippopotas/,It enshrouds itself with sand to protect itself from germs. It does not enjoy getting wet.,2949,231 in stock
Hippowdon,£140.00,https://scrapeme.live/wp-content/uploads/2018/08/450-350x350.png,https://scrapeme.live/shop/Hippowdon/,It blasts internally stored sand from ports on its body to create a towering twister for attack.,4356,273 in stock
Skorupi,£51.00,https://scrapeme.live/wp-content/uploads/2018/08/451-350x350.png,https://scrapeme.live/shop/Skorupi/,It burrows under the sand to lie in wait for prey. Its tail claws can inject its prey with a savage poison.,8128,42 in stock
Drapion,£72.00,https://scrapeme.live/wp-content/uploads/2018/08/452-350x350.png,https://scrapeme.live/shop/Drapion/,It has the power in its clawed arms to make scrap of a car. The tips of its claws release poison.,6958,273 in stock
Croagunk,£145.00,https://scrapeme.live/wp-content/uploads/2018/08/453-350x350.png,https://scrapeme.live/shop/Croagunk/,"Inflating its poison sacs, it fills the area with an odd sound and hits flinching opponents with a poison jab.",7116,207 in stock
Toxicroak,£145.00,https://scrapeme.live/wp-content/uploads/2018/08/454-350x350.png,https://scrapeme.live/shop/Toxicroak/,Its knuckle claws secrete a toxin so vile that even a scratch could prove fatal.,4991,108 in stock
Carnivine,£60.00,https://scrapeme.live/wp-content/uploads/2018/08/455-350x350.png,https://scrapeme.live/shop/Carnivine/,It binds itself to trees in marshes. It attracts prey with its sweet-smelling drool and gulps them down.,3611,245 in stock
Finneon,£172.00,https://scrapeme.live/wp-content/uploads/2018/08/456-350x350.png,https://scrapeme.live/shop/Finneon/,"After long exposure to sunlight, the patterns on its tail fins shine vividly when darkness arrives.",1938,66 in stock
Lumineon,£72.00,https://scrapeme.live/wp-content/uploads/2018/08/457-350x350.png,https://scrapeme.live/shop/Lumineon/,"To avoid detection by predators, it crawls along the seafloor using the two fins on its chest.",6600,76 in stock
Mantyke,£121.00,https://scrapeme.live/wp-content/uploads/2018/08/458-350x350.png,https://scrapeme.live/shop/Mantyke/,"When it swims close to the surface of the ocean, people aboard ships are able to observe the pattern on its back.",5241,117 in stock
Snover,£104.00,https://scrapeme.live/wp-content/uploads/2018/08/459-350x350.png,https://scrapeme.live/shop/Snover/,"In the spring, it grows berries with the texture of frozen treats around its belly.",3404,143 in stock
Abomasnow,£46.00,https://scrapeme.live/wp-content/uploads/2018/08/460-350x350.png,https://scrapeme.live/shop/Abomasnow/,It lives a quiet life on mountains that are perpetually covered in snow. It hides itself by whipping up blizzards.,1468,61 in stock
Magnezone,£190.00,https://scrapeme.live/wp-content/uploads/2018/08/462-350x350.png,https://scrapeme.live/shop/Magnezone/,It evolved from exposure to a special magnetic field. Three units generate magnetism.,1538,108 in stock
Lickilicky,£101.00,https://scrapeme.live/wp-content/uploads/2018/08/463-350x350.png,https://scrapeme.live/shop/Lickilicky/,Their saliva contains lots of components that can dissolve anything. The numbness caused by their lick does not dissipate.,5442,125 in stock
Rhyperior,£79.00,https://scrapeme.live/wp-content/uploads/2018/08/464-350x350.png,https://scrapeme.live/shop/Rhyperior/,It puts rocks in holes in its palms and uses its muscles to shoot them. Geodude are shot at rare times.,1070,161 in stock
Tangrowth,£108.00,https://scrapeme.live/wp-content/uploads/2018/08/465-350x350.png,https://scrapeme.live/shop/Tangrowth/,"Its vines grow so profusely that, in the warm season, you can’t even see its eyes.",8824,136 in stock
Electivire,£61.00,https://scrapeme.live/wp-content/uploads/2018/08/466-350x350.png,https://scrapeme.live/shop/Electivire/,"It pushes the tips of its two tails against the foe, then lets loose with over 20,000 volts of power.",5656,155 in stock
Magmortar,£200.00,https://scrapeme.live/wp-content/uploads/2018/08/467-350x350.png,https://scrapeme.live/shop/Magmortar/,"It blasts fireballs of over 3,600 degrees Fahrenheit out of its arms. Its breath also sears and sizzles.",4979,149 in stock
Togekiss,£158.00,https://scrapeme.live/wp-content/uploads/2018/08/468-350x350.png,https://scrapeme.live/shop/Togekiss/,It shares many blessings with people who respect one another’s rights and avoid needless strife.,7955,208 in stock
Yanmega,£121.00,https://scrapeme.live/wp-content/uploads/2018/08/469-350x350.png,https://scrapeme.live/shop/Yanmega/,This six-legged Pokémon is easily capable of transporting an adult in flight. The wings on its tail help it stay balanced.,6798,35 in stock
Leafeon,£93.00,https://scrapeme.live/wp-content/uploads/2018/08/470-350x350.png,https://scrapeme.live/shop/Leafeon/,"Just like a plant, it uses photosynthesis. As a result, it is always enveloped in clear air.",2585,295 in stock
Glaceon,£142.00,https://scrapeme.live/wp-content/uploads/2018/08/471-350x350.png,https://scrapeme.live/shop/Glaceon/,It lowers its body heat to freeze its fur. The hairs then become like needles it can fire.,1234,27 in stock
Gliscor,£28.00,https://scrapeme.live/wp-content/uploads/2018/08/472-350x350.png,https://scrapeme.live/shop/Gliscor/,Its flight is soundless. It uses its lengthy tail to carry off its prey… Then its elongated fangs do the rest.,4537,60 in stock
Mamoswine,£104.00,https://scrapeme.live/wp-content/uploads/2018/08/473-350x350.png,https://scrapeme.live/shop/Mamoswine/,Its impressive tusks are made of ice. The population thinned when it turned warm after the ice age.,6994,284 in stock
Gallade,£149.00,https://scrapeme.live/wp-content/uploads/2018/08/475-350x350.png,https://scrapeme.live/shop/Gallade/,"A master of courtesy and swordsmanship, it fights using extending swords on its elbows.",8023,271 in stock
Probopass,£181.00,https://scrapeme.live/wp-content/uploads/2018/08/476-350x350.png,https://scrapeme.live/shop/Probopass/,It freely controls three small units called Mini-Noses using magnetic force.,9871,141 in stock
Dusknoir,£158.00,https://scrapeme.live/wp-content/uploads/2018/08/477-350x350.png,https://scrapeme.live/shop/Dusknoir/,The antenna on its head captures radio waves from the world of spirits that command it to take people there.,1866,171 in stock
Froslass,£86.00,https://scrapeme.live/wp-content/uploads/2018/08/478-350x350.png,https://scrapeme.live/shop/Froslass/,Legends in snowy regions say that a woman who was lost on an icy mountain was reborn as Froslass.,1920,67 in stock
Rotom,£42.00,https://scrapeme.live/wp-content/uploads/2018/08/479-350x350.png,https://scrapeme.live/shop/Rotom/,Its body is composed of plasma. It is known to infiltrate electronic devices and wreak havoc.,3751,208 in stock
Uxie,£200.00,https://scrapeme.live/wp-content/uploads/2018/08/480-350x350.png,https://scrapeme.live/shop/Uxie/,It is said that its emergence gave humans the intelligence to improve their quality of life.,9949,138 in stock
Mesprit,£25.00,https://scrapeme.live/wp-content/uploads/2018/08/481-350x350.png,https://scrapeme.live/shop/Mesprit/,It sleeps at the bottom of a lake. Its spirit is said to leave its body to fly on the lake’s surface.,3231,152 in stock
Azelf,£32.00,https://scrapeme.live/wp-content/uploads/2018/08/482-350x350.png,https://scrapeme.live/shop/Azelf/,"It is thought that Uxie, Mesprit, and Azelf all came from the same egg.",2350,233 in stock
Dialga,£179.00,https://scrapeme.live/wp-content/uploads/2018/08/483-350x350.png,https://scrapeme.live/shop/Dialga/,It has the power to control time. It appears in Sinnoh-region myths as an ancient deity.,5942,104 in stock
Palkia,£151.00,https://scrapeme.live/wp-content/uploads/2018/08/484-350x350.png,https://scrapeme.live/shop/Palkia/,It has the ability to distort space. It is described as a deity in Sinnoh-region mythology.,7745,54 in stock
Heatran,£142.00,https://scrapeme.live/wp-content/uploads/2018/08/485-350x350.png,https://scrapeme.live/shop/Heatran/,"Boiling blood, like magma, circulates through its body. It makes its dwelling place in volcanic caves.",3485,120 in stock
Regigigas,£77.00,https://scrapeme.live/wp-content/uploads/2018/08/486-350x350.png,https://scrapeme.live/shop/Regigigas/,There is an enduring legend that states this Pokémon towed continents with ropes.,7091,226 in stock
Cresselia,£34.00,https://scrapeme.live/wp-content/uploads/2018/08/488-350x350.png,https://scrapeme.live/shop/Cresselia/,Those who sleep holding Cresselia’s feather are assured of joyful dreams. It is said to represent the crescent moon.,9194,16 in stock
Phione,£155.00,https://scrapeme.live/wp-content/uploads/2018/08/489-350x350.png,https://scrapeme.live/shop/Phione/,"It drifts in warm seas. It always returns to where it was born, no matter how far it may have drifted.",9776,245 in stock
Manaphy,£74.00,https://scrapeme.live/wp-content/uploads/2018/08/490-350x350.png,https://scrapeme.live/shop/Manaphy/,It starts its life with a wondrous power that permits it to bond with any kind of Pokémon.,6259,186 in stock
Darkrai,£59.00,https://scrapeme.live/wp-content/uploads/2018/08/491-350x350.png,https://scrapeme.live/shop/Darkrai/,It can lull people to sleep and make them dream. It is active during nights of the new moon.,9841,223 in stock
Arceus,£53.00,https://scrapeme.live/wp-content/uploads/2018/08/493-350x350.png,https://scrapeme.live/shop/Arceus/,It is told in mythology that this Pokémon was born before the universe even existed.,1626,72 in stock
Victini,£109.00,https://scrapeme.live/wp-content/uploads/2018/08/494-350x350.png,https://scrapeme.live/shop/Victini/,"When it shares the infinite energy it creates, that being’s entire body will be overflowing with power.",1260,174 in stock
Snivy,£102.00,https://scrapeme.live/wp-content/uploads/2018/08/495-350x350.png,https://scrapeme.live/shop/Snivy/,"They photosynthesize by bathing their tails in sunlight. When they are not feeling well, their tails droop.",6745,47 in stock
Servine,£154.00,https://scrapeme.live/wp-content/uploads/2018/08/496-350x350.png,https://scrapeme.live/shop/Servine/,"When it gets dirty, its leaves can’t be used in photosynthesis, so it always keeps itself clean.",3149,82 in stock
Serperior,£88.00,https://scrapeme.live/wp-content/uploads/2018/08/497-350x350.png,https://scrapeme.live/shop/Serperior/,It can stop its opponents’ movements with just a glare. It takes in solar energy and boosts it internally.,8781,164 in stock
Tepig,£195.00,https://scrapeme.live/wp-content/uploads/2018/08/498-350x350.png,https://scrapeme.live/shop/Tepig/,"It loves to eat roasted berries, but sometimes it gets too excited and burns them to a crisp.",3764,66 in stock
Pignite,£149.00,https://scrapeme.live/wp-content/uploads/2018/08/499-350x350.png,https://scrapeme.live/shop/Pignite/,"When its internal fire flares up, its movements grow sharper and faster. When in trouble, it emits smoke.",5631,151 in stock
Emboar,£32.00,https://scrapeme.live/wp-content/uploads/2018/08/500-350x350.png,https://scrapeme.live/shop/Emboar/,It has mastered fast and powerful fighting moves. It grows a beard of fire.,1657,258 in stock
Oshawott,£194.00,https://scrapeme.live/wp-content/uploads/2018/08/501-350x350.png,https://scrapeme.live/shop/Oshawott/,"It fights using the scalchop on its stomach. In response to an attack, it retaliates immediately by slashing.",5544,157 in stock
Dewott,£57.00,https://scrapeme.live/wp-content/uploads/2018/08/502-350x350.png,https://scrapeme.live/shop/Dewott/,"As a result of strict training, each Dewott learns different forms for using the scalchops.",9988,141 in stock
Samurott,£106.00,https://scrapeme.live/wp-content/uploads/2018/08/503-350x350.png,https://scrapeme.live/shop/Samurott/,One swing of the sword incorporated in its armor can fell an opponent. A simple glare from one of them quiets everybody.,7758,279 in stock
Patrat,£116.00,https://scrapeme.live/wp-content/uploads/2018/08/504-350x350.png,https://scrapeme.live/shop/Patrat/,"Extremely cautious, one of them will always be on the lookout, but it won’t notice a foe coming from behind.",2903,294 in stock
Watchog,£141.00,https://scrapeme.live/wp-content/uploads/2018/08/505-350x350.png,https://scrapeme.live/shop/Watchog/,"When they see an enemy, their tails stand high, and they spit the seeds of berries stored in their cheek pouches.",1555,294 in stock
Lillipup,£28.00,https://scrapeme.live/wp-content/uploads/2018/08/506-350x350.png,https://scrapeme.live/shop/Lillipup/,"Though it is a very brave Pokémon, it’s also smart enough to check its foe’s strength and avoid battle.",9237,29 in stock
Herdier,£164.00,https://scrapeme.live/wp-content/uploads/2018/08/507-350x350.png,https://scrapeme.live/shop/Herdier/,"It has black, cape-like fur that is very hard and decreases the amount of damage it receives.",9141,227 in stock
Stoutland,£37.00,https://scrapeme.live/wp-content/uploads/2018/08/508-350x350.png,https://scrapeme.live/shop/Stoutland/,Being wrapped in its long fur is so comfortable that a person would be fine even overnight on a wintry mountain.,6800,80 in stock
Purrloin,£167.00,https://scrapeme.live/wp-content/uploads/2018/08/509-350x350.png,https://scrapeme.live/shop/Purrloin/,"They steal from people for fun, but their victims can’t help but forgive them. Their deceptively cute act is perfect.",5704,270 in stock
Liepard,£104.00,https://scrapeme.live/wp-content/uploads/2018/08/510-350x350.png,https://scrapeme.live/shop/Liepard/,"Stealthily, it sneaks up on its target, striking from behind before its victim has a chance to react.",5653,32 in stock
Pansage,£197.00,https://scrapeme.live/wp-content/uploads/2018/08/511-350x350.png,https://scrapeme.live/shop/Pansage/,It’s good at finding berries and gathers them from all over. It’s kind enough to share them with friends.,6206,195 in stock
Simisage,£98.00,https://scrapeme.live/wp-content/uploads/2018/08/512-350x350.png,https://scrapeme.live/shop/Simisage/,"Ill tempered, it fights by swinging its barbed tail around wildly. The leaf growing on its head is very bitter.",5701,286 in stock
Pansear,£194.00,https://scrapeme.live/wp-content/uploads/2018/08/513-350x350.png,https://scrapeme.live/shop/Pansear/,This Pokémon lives in caves in volcanoes. The fire within the tuft on its head can reach 600 degrees Fahrenheit.,1740,247 in stock
Simisear,£38.00,https://scrapeme.live/wp-content/uploads/2018/08/514-350x350.png,https://scrapeme.live/shop/Simisear/,"When it gets excited, embers rise from its head and tail and it gets hot. For some reason, it loves sweets.",5199,140 in stock
Panpour,£52.00,https://scrapeme.live/wp-content/uploads/2018/08/515-350x350.png,https://scrapeme.live/shop/Panpour/,The water stored inside the tuft on its head is full of nutrients. Plants that receive its water grow large.,4106,271 in stock
Simipour,£61.00,https://scrapeme.live/wp-content/uploads/2018/08/516-350x350.png,https://scrapeme.live/shop/Simipour/,"It prefers places with clean water. When its tuft runs low, it replenishes it by siphoning up water with its tail.",9367,101 in stock
Munna,£172.00,https://scrapeme.live/wp-content/uploads/2018/08/517-350x350.png,https://scrapeme.live/shop/Munna/,"It eats the dreams of people and Pokémon. When it eats a pleasant dream, it expels pink-colored mist.",1674,278 in stock
Musharna,£58.00,https://scrapeme.live/wp-content/uploads/2018/08/518-350x350.png,https://scrapeme.live/shop/Musharna/,The dream mist coming from its forehead changes into many different colors depending on the dream that was eaten.,1769,98 in stock
Pidove,£172.00,https://scrapeme.live/wp-content/uploads/2018/08/519-350x350.png,https://scrapeme.live/shop/Pidove/,These Pokémon live in cities. They are accustomed to people. Flocks often gather in parks and plazas.,5830,290 in stock
Tranquill,£199.00,https://scrapeme.live/wp-content/uploads/2018/08/520-350x350.png,https://scrapeme.live/shop/Tranquill/,"No matter where in the world it goes, it knows where its nest is, so it never gets separated from its Trainer.",2552,295 in stock
Unfezant,£135.00,https://scrapeme.live/wp-content/uploads/2018/08/521-350x350.png,https://scrapeme.live/shop/Unfezant/,Males have plumage on their heads. They will never let themselves feel close to anyone other than their Trainers.,1545,51 in stock
Zebstrika,£138.00,https://scrapeme.live/wp-content/uploads/2018/08/523-350x350.png,https://scrapeme.live/shop/Zebstrika/,"They have lightning-like movements. When Zebstrika run at full speed, the sound of thunder reverberates.",7777,137 in stock
Roggenrola,£41.00,https://scrapeme.live/wp-content/uploads/2018/08/524-350x350.png,https://scrapeme.live/shop/Roggenrola/,They were discovered a hundred years ago in an earthquake fissure. Inside each one is an energy core.,7561,96 in stock
Boldore,£76.00,https://scrapeme.live/wp-content/uploads/2018/08/525-350x350.png,https://scrapeme.live/shop/Boldore/,"When it is healthy, its core sticks out. Always facing the same way, it swiftly moves front to back and left to right.",1970,278 in stock
Gigalith,£67.00,https://scrapeme.live/wp-content/uploads/2018/08/526-350x350.png,https://scrapeme.live/shop/Gigalith/,Compressing the energy from its internal core lets it fire off an attack capable of blowing away a mountain.,7277,18 in stock
Woobat,£27.00,https://scrapeme.live/wp-content/uploads/2018/08/527-350x350.png,https://scrapeme.live/shop/Woobat/,The heart-shaped mark left on a body after a Woobat has been attached to it is said to bring good fortune.,5333,289 in stock
Swoobat,£49.00,https://scrapeme.live/wp-content/uploads/2018/08/528-350x350.png,https://scrapeme.live/shop/Swoobat/,Anyone who comes into contact with the ultrasonic waves emitted by a courting male experiences a positive mood shift.,6207,109 in stock
Drilbur,£132.00,https://scrapeme.live/wp-content/uploads/2018/08/529-350x350.png,https://scrapeme.live/shop/Drilbur/,"By spinning its body, it can dig straight through the ground at a speed of 30 mph.",4925,171 in stock
Excadrill,£36.00,https://scrapeme.live/wp-content/uploads/2018/08/530-350x350.png,https://scrapeme.live/shop/Excadrill/,"More than 300 feet below the surface, they build mazelike nests. Their activity can be destructive to subway tunnels.",7949,49 in stock
Audino,£95.00,https://scrapeme.live/wp-content/uploads/2018/08/531-350x350.png,https://scrapeme.live/shop/Audino/,"It touches others with the feelers on its ears, using the sound of their heartbeats to tell how they are feeling.",5659,109 in stock
Timburr,£194.00,https://scrapeme.live/wp-content/uploads/2018/08/532-350x350.png,https://scrapeme.live/shop/Timburr/,"Always carrying squared logs, they help out with construction. As they grow, they carry bigger logs.",2178,150 in stock
Gurdurr,£179.00,https://scrapeme.live/wp-content/uploads/2018/08/533-350x350.png,https://scrapeme.live/shop/Gurdurr/,This Pokémon is so muscular and strongly built that even a group of wrestlers could not make it budge an inch.,8012,105 in stock
Conkeldurr,£72.00,https://scrapeme.live/wp-content/uploads/2018/08/534-350x350.png,https://scrapeme.live/shop/Conkeldurr/,"Rather than rely on force, they master moves that utilize the centrifugal force of spinning concrete.",3386,251 in stock
Palpitoad,£117.00,https://scrapeme.live/wp-content/uploads/2018/08/536-350x350.png,https://scrapeme.live/shop/Palpitoad/,"It lives in the water and on land. It uses its long, sticky tongue to immobilize its opponents.",8017,36 in stock
Seismitoad,£90.00,https://scrapeme.live/wp-content/uploads/2018/08/537-350x350.png,https://scrapeme.live/shop/Seismitoad/,They shoot paralyzing liquid from their head bumps. They use vibration to hurt their opponents.,4146,252 in stock
Throh,£43.00,https://scrapeme.live/wp-content/uploads/2018/08/538-350x350.png,https://scrapeme.live/shop/Throh/,"When it encounters a foe bigger than itself, it wants to throw it. It changes belts as it gets stronger.",3948,195 in stock
Sawk,£129.00,https://scrapeme.live/wp-content/uploads/2018/08/539-350x350.png,https://scrapeme.live/shop/Sawk/,Tying their belts gets them pumped and makes their punches more destructive. Disturbing their training angers them.,6499,95 in stock
Sewaddle,£40.00,https://scrapeme.live/wp-content/uploads/2018/08/540-350x350.png,https://scrapeme.live/shop/Sewaddle/,"Since this Pokémon makes its own clothes out of leaves, it is a popular mascot for fashion designers.",4022,137 in stock
Swadloon,£107.00,https://scrapeme.live/wp-content/uploads/2018/08/541-350x350.png,https://scrapeme.live/shop/Swadloon/,"It protects itself from the cold by wrapping up in leaves. It stays on the move, eating leaves in forests.",9505,176 in stock
Leavanny,£130.00,https://scrapeme.live/wp-content/uploads/2018/08/542-350x350.png,https://scrapeme.live/shop/Leavanny/,It keeps its eggs warm with heat from fermenting leaves. It also uses leaves to make warm wrappings for Sewaddle.,5048,203 in stock
Venipede,£87.00,https://scrapeme.live/wp-content/uploads/2018/08/543-350x350.png,https://scrapeme.live/shop/Venipede/,"Its bite injects a potent poison, enough to paralyze large bird Pokémon that try to prey on it.",4582,243 in stock
Whirlipede,£84.00,https://scrapeme.live/wp-content/uploads/2018/08/544-350x350.png,https://scrapeme.live/shop/Whirlipede/,"It is usually motionless, but when attacked, it rotates at high speed and then crashes into its opponent.",6342,170 in stock
Scolipede,£153.00,https://scrapeme.live/wp-content/uploads/2018/08/545-350x350.png,https://scrapeme.live/shop/Scolipede/,"With quick movements, it chases down its foes, attacking relentlessly with its horns until it prevails.",7491,28 in stock
Cottonee,£77.00,https://scrapeme.live/wp-content/uploads/2018/08/546-350x350.png,https://scrapeme.live/shop/Cottonee/,"Perhaps because they feel more at ease in a group, they stick to others they find. They end up looking like a cloud.",3946,139 in stock
Whimsicott,£26.00,https://scrapeme.live/wp-content/uploads/2018/08/547-350x350.png,https://scrapeme.live/shop/Whimsicott/,"Like the wind, it can slip through any gap, no matter how small. It leaves balls of white fluff behind.",6481,30 in stock
Petilil,£118.00,https://scrapeme.live/wp-content/uploads/2018/08/548-350x350.png,https://scrapeme.live/shop/Petilil/,"Since they prefer moist, nutrient-rich soil, the areas where Petilil live are known to be good for growing plants.",3773,109 in stock
Lilligant,£137.00,https://scrapeme.live/wp-content/uploads/2018/08/549-350x350.png,https://scrapeme.live/shop/Lilligant/,Even veteran Trainers face a challenge in getting its beautiful flower to bloom. This Pokémon is popular with celebrities.,4452,209 in stock
Sandile,£136.00,https://scrapeme.live/wp-content/uploads/2018/08/551-350x350.png,https://scrapeme.live/shop/Sandile/,They live buried in the sands of the desert. The sun-warmed sands prevent their body temperature from dropping.,8011,235 in stock
Krokorok,£135.00,https://scrapeme.live/wp-content/uploads/2018/08/552-350x350.png,https://scrapeme.live/shop/Krokorok/,"The special membrane covering its eyes can sense the heat of objects, so it can see its surroundings even in darkness.",3317,168 in stock
Krookodile,£185.00,https://scrapeme.live/wp-content/uploads/2018/08/553-350x350.png,https://scrapeme.live/shop/Krookodile/,"They never allow prey to escape. Their jaws are so powerful, they can crush the body of an automobile.",2595,188 in stock
Darumaka,£106.00,https://scrapeme.live/wp-content/uploads/2018/08/554-350x350.png,https://scrapeme.live/shop/Darumaka/,"When it sleeps, it pulls its limbs into its body and its internal fire goes down to 1,100 degrees Fahrenheit.",2580,96 in stock
Maractus,£31.00,https://scrapeme.live/wp-content/uploads/2018/08/556-350x350.png,https://scrapeme.live/shop/Maractus/,"Arid regions are their habitat. They move rhythmically, making a sound similar to maracas.",8956,120 in stock
Dwebble,£75.00,https://scrapeme.live/wp-content/uploads/2018/08/557-350x350.png,https://scrapeme.live/shop/Dwebble/,"When it finds a stone of a suitable size, it secretes a liquid from its mouth to open up a hole to crawl into.",2996,47 in stock
Crustle,£105.00,https://scrapeme.live/wp-content/uploads/2018/08/558-350x350.png,https://scrapeme.live/shop/Crustle/,"Competing for territory, Crustle fight viciously. The one whose boulder is broken is the loser of the battle.",5980,293 in stock
Scraggy,£112.00,https://scrapeme.live/wp-content/uploads/2018/08/559-350x350.png,https://scrapeme.live/shop/Scraggy/,"Proud of its sturdy skull, it suddenly headbutts everything, but its weight makes it unstable, too.",6618,95 in stock
Scrafty,£137.00,https://scrapeme.live/wp-content/uploads/2018/08/560-350x350.png,https://scrapeme.live/shop/Scrafty/,It can smash concrete blocks with its kicking attacks. The one with the biggest crest is the group leader.,2230,152 in stock
Sigilyph,£68.00,https://scrapeme.live/wp-content/uploads/2018/08/561-350x350.png,https://scrapeme.live/shop/Sigilyph/,"The guardians of an ancient city, they always fly the same route while keeping watch for invaders.",3922,181 in stock
Yamask,£171.00,https://scrapeme.live/wp-content/uploads/2018/08/562-350x350.png,https://scrapeme.live/shop/Yamask/,Each of them carries a mask that used to be its face when it was human. Sometimes they look at it and cry.,4675,168 in stock
Cofagrigus,£160.00,https://scrapeme.live/wp-content/uploads/2018/08/563-350x350.png,https://scrapeme.live/shop/Cofagrigus/,Grave robbers who mistake them for real coffins and get too close end up trapped inside their bodies.,3040,195 in stock
Tirtouga,£60.00,https://scrapeme.live/wp-content/uploads/2018/08/564-350x350.png,https://scrapeme.live/shop/Tirtouga/,"Restored from a fossil, this Pokémon can dive to depths beyond half a mile.",2653,98 in stock
Carracosta,£158.00,https://scrapeme.live/wp-content/uploads/2018/08/565-350x350.png,https://scrapeme.live/shop/Carracosta/,"It could knock out a foe with a slap from one of its developed front appendages and chew it up, shell or bones and all.",9806,11 in stock
Archen,£140.00,https://scrapeme.live/wp-content/uploads/2018/08/566-350x350.png,https://scrapeme.live/shop/Archen/,"Said to be an ancestor of bird Pokémon, they were unable to fly and moved about by hopping from one branch to another.",4705,267 in stock
Archeops,£126.00,https://scrapeme.live/wp-content/uploads/2018/08/567-350x350.png,https://scrapeme.live/shop/Archeops/,It runs better than it flies. It takes off into the sky by running at a speed of 25 mph.,1822,181 in stock
Trubbish,£169.00,https://scrapeme.live/wp-content/uploads/2018/08/568-350x350.png,https://scrapeme.live/shop/Trubbish/,Inhaling the gas they belch will make you sleep for a week. They prefer unsanitary places.,3015,229 in stock
Garbodor,£178.00,https://scrapeme.live/wp-content/uploads/2018/08/569-350x350.png,https://scrapeme.live/shop/Garbodor/,Consuming garbage makes new kinds of poison gases and liquids inside their bodies.,6031,73 in stock
Zorua,£81.00,https://scrapeme.live/wp-content/uploads/2018/08/570-350x350.png,https://scrapeme.live/shop/Zorua/,"To protect themselves from danger, they hide their true identities by transforming into people and Pokémon.",6103,245 in stock
Minccino,£79.00,https://scrapeme.live/wp-content/uploads/2018/08/572-350x350.png,https://scrapeme.live/shop/Minccino/,"These Pokémon prefer a tidy habitat. They are always sweeping and dusting, using their tails as brooms.",9722,213 in stock
Cinccino,£154.00,https://scrapeme.live/wp-content/uploads/2018/08/573-350x350.png,https://scrapeme.live/shop/Cinccino/,"Cinccino’s body is coated in a special oil that helps it deflect attacks, such as punches.",3396,159 in stock
Gothita,£68.00,https://scrapeme.live/wp-content/uploads/2018/08/574-350x350.png,https://scrapeme.live/shop/Gothita/,"They intently observe both Trainers and Pokémon. Apparently, they are looking at something that only Gothita can see.",7024,185 in stock
Gothorita,£189.00,https://scrapeme.live/wp-content/uploads/2018/08/575-350x350.png,https://scrapeme.live/shop/Gothorita/,"According to many old tales, it creates friends for itself by controlling sleeping children on starry nights.",5260,148 in stock
Gothitelle,£164.00,https://scrapeme.live/wp-content/uploads/2018/08/576-350x350.png,https://scrapeme.live/shop/Gothitelle/,They can predict the future from the placement and movement of the stars. They can see Trainers’ life spans.,1473,52 in stock
Solosis,£134.00,https://scrapeme.live/wp-content/uploads/2018/08/577-350x350.png,https://scrapeme.live/shop/Solosis/,They drive away attackers by unleashing psychic power. They can use telepathy to talk with others.,7460,226 in stock
Duosion,£71.00,https://scrapeme.live/wp-content/uploads/2018/08/578-350x350.png,https://scrapeme.live/shop/Duosion/,"When their two divided brains think the same thoughts, their psychic power is maximized.",2453,183 in stock
Reuniclus,£168.00,https://scrapeme.live/wp-content/uploads/2018/08/579-350x350.png,https://scrapeme.live/shop/Reuniclus/,"When Reuniclus shake hands, a network forms between their brains, increasing their psychic power.",1792,193 in stock
Ducklett,£159.00,https://scrapeme.live/wp-content/uploads/2018/08/580-350x350.png,https://scrapeme.live/shop/Ducklett/,"They are better at swimming than flying, and they happily eat their favorite food, peat moss, as they dive underwater.",4228,275 in stock
Swanna,£36.00,https://scrapeme.live/wp-content/uploads/2018/08/581-350x350.png,https://scrapeme.live/shop/Swanna/,Swanna start to dance at dusk. The one dancing in the middle is the leader of the flock.,5069,238 in stock
Vanillite,£108.00,https://scrapeme.live/wp-content/uploads/2018/08/582-350x350.png,https://scrapeme.live/shop/Vanillite/,This Pokémon formed from icicles bathed in energy from the morning sun. It sleeps buried in snow.,1774,284 in stock
Vanillish,£93.00,https://scrapeme.live/wp-content/uploads/2018/08/583-350x350.png,https://scrapeme.live/shop/Vanillish/,"Snowy mountains are this Pokémon’s habitat. During an ancient ice age, they moved to southern areas.",5776,218 in stock
Vanilluxe,£89.00,https://scrapeme.live/wp-content/uploads/2018/08/584-350x350.png,https://scrapeme.live/shop/Vanilluxe/,"Swallowing large amounts of water, they make snow clouds inside their bodies and, when angry, cause violent blizzards.",2362,30 in stock
Deerling,£141.00,https://scrapeme.live/wp-content/uploads/2018/08/585-350x350.png,https://scrapeme.live/shop/Deerling/,The turning of the seasons changes the color and scent of this Pokémon’s fur. People use it to mark the seasons.,5837,159 in stock
Sawsbuck,£76.00,https://scrapeme.live/wp-content/uploads/2018/08/586-350x350.png,https://scrapeme.live/shop/Sawsbuck/,"They migrate according to the seasons, so some people call Sawsbuck the harbingers of spring.",6782,299 in stock
Karrablast,£41.00,https://scrapeme.live/wp-content/uploads/2018/08/588-350x350.png,https://scrapeme.live/shop/Karrablast/,For some reason they evolve when they receive electrical energy while they are attacking Shelmet.,9391,296 in stock
Escavalier,£189.00,https://scrapeme.live/wp-content/uploads/2018/08/589-350x350.png,https://scrapeme.live/shop/Escavalier/,These Pokémon evolve by wearing the shell covering of a Shelmet. The steel armor protects their whole body.,1906,281 in stock
Foongus,£129.00,https://scrapeme.live/wp-content/uploads/2018/08/590-350x350.png,https://scrapeme.live/shop/Foongus/,"It lures Pokémon with its pattern that looks just like a Poké Ball, then releases poison spores.",7154,225 in stock
Frillish,£63.00,https://scrapeme.live/wp-content/uploads/2018/08/592-350x350.png,https://scrapeme.live/shop/Frillish/,"If its veil-like arms stun and wrap a foe, that foe will be dragged miles below the surface, never to return.",5310,32 in stock
Jellicent,£114.00,https://scrapeme.live/wp-content/uploads/2018/08/593-350x350.png,https://scrapeme.live/shop/Jellicent/,"The fate of the ships and crew that wander into Jellicent’s habitat: all sunken, all lost, all vanished.",2412,216 in stock
Alomomola,£35.00,https://scrapeme.live/wp-content/uploads/2018/08/594-350x350.png,https://scrapeme.live/shop/Alomomola/,It gently holds injured and weak Pokémon in its fins. Its special membrane heals their wounds.,8864,296 in stock
Joltik,£59.00,https://scrapeme.live/wp-content/uploads/2018/08/595-350x350.png,https://scrapeme.live/shop/Joltik/,"They attach themselves to large-bodied Pokémon and absorb static electricity, which they store in an electric pouch.",4385,137 in stock
Galvantula,£57.00,https://scrapeme.live/wp-content/uploads/2018/08/596-350x350.png,https://scrapeme.live/shop/Galvantula/,"When attacked, they create an electric barrier by spitting out many electrically charged threads.",4595,61 in stock
Ferroseed,£81.00,https://scrapeme.live/wp-content/uploads/2018/08/597-350x350.png,https://scrapeme.live/shop/Ferroseed/,It absorbs the iron it finds in the rock while clinging to the ceiling. It shoots spikes when in danger.,5368,149 in stock
Ferrothorn,£182.00,https://scrapeme.live/wp-content/uploads/2018/08/598-350x350.png,https://scrapeme.live/shop/Ferrothorn/,"They attach themselves to cave ceilings, firing steel spikes at targets passing beneath them.",5533,74 in stock
Klink,£75.00,https://scrapeme.live/wp-content/uploads/2018/08/599-350x350.png,https://scrapeme.live/shop/Klink/,The two minigears that mesh together are predetermined. Each will rebound from other minigears without meshing.,5294,84 in stock
Klang,£162.00,https://scrapeme.live/wp-content/uploads/2018/08/600-350x350.png,https://scrapeme.live/shop/Klang/,"A minigear and big gear comprise its body. If the minigear it launches at a foe doesn’t return, it will die.",9991,114 in stock
Klinklang,£178.00,https://scrapeme.live/wp-content/uploads/2018/08/601-350x350.png,https://scrapeme.live/shop/Klinklang/,Its red core functions as an energy tank. It fires the charged energy through its spikes into an area.,9489,87 in stock
Tynamo,£82.00,https://scrapeme.live/wp-content/uploads/2018/08/602-350x350.png,https://scrapeme.live/shop/Tynamo/,"One alone can emit only a trickle of electricity, so a group of them gathers to unleash a powerful electric shock.",7438,46 in stock
Eelektrik,£198.00,https://scrapeme.live/wp-content/uploads/2018/08/603-350x350.png,https://scrapeme.live/shop/Eelektrik/,"These Pokémon have a big appetite. When they spot their prey, they attack it and paralyze it with electricity.",5128,150 in stock
Eelektross,£123.00,https://scrapeme.live/wp-content/uploads/2018/08/604-350x350.png,https://scrapeme.live/shop/Eelektross/,They crawl out of the ocean using their arms. They will attack prey on shore and immediately drag it into the ocean.,2066,111 in stock
Elgyem,£107.00,https://scrapeme.live/wp-content/uploads/2018/08/605-350x350.png,https://scrapeme.live/shop/Elgyem/,Rumors of its origin are linked to a UFO crash site in the desert 50 years ago.,3449,111 in stock
Beheeyem,£34.00,https://scrapeme.live/wp-content/uploads/2018/08/606-350x350.png,https://scrapeme.live/shop/Beheeyem/,It uses psychic power to control an opponent’s brain and tamper with its memories.,7367,68 in stock
Litwick,£37.00,https://scrapeme.live/wp-content/uploads/2018/08/607-350x350.png,https://scrapeme.live/shop/Litwick/,"Litwick shines a light that absorbs the life energy of people and Pokémon, which becomes the fuel that it burns.",7933,76 in stock
Lampent,£157.00,https://scrapeme.live/wp-content/uploads/2018/08/608-350x350.png,https://scrapeme.live/shop/Lampent/,It arrives near the moment of death and steals spirit from the body.,6418,48 in stock
Axew,£123.00,https://scrapeme.live/wp-content/uploads/2018/08/610-350x350.png,https://scrapeme.live/shop/Axew/,"They mark their territory by leaving gashes in trees with their tusks. If a tusk breaks, a new one grows in quickly.",9236,142 in stock
Fraxure,£64.00,https://scrapeme.live/wp-content/uploads/2018/08/611-350x350.png,https://scrapeme.live/shop/Fraxure/,"A broken tusk will not grow back, so it diligently sharpens its tusks on river rocks after the end of a battle.",8993,234 in stock
Haxorus,£135.00,https://scrapeme.live/wp-content/uploads/2018/08/612-350x350.png,https://scrapeme.live/shop/Haxorus/,Their sturdy tusks will stay sharp even if used to cut steel beams. These Pokémon are covered in hard armor.,3951,239 in stock
Cubchoo,£62.00,https://scrapeme.live/wp-content/uploads/2018/08/613-350x350.png,https://scrapeme.live/shop/Cubchoo/,"Their snot is a barometer of health. When healthy, their snot is sticky and the power of their ice moves increases.",3643,45 in stock
Beartic,£28.00,https://scrapeme.live/wp-content/uploads/2018/08/614-350x350.png,https://scrapeme.live/shop/Beartic/,It freezes its breath to create fangs and claws of ice to fight with. Cold northern areas are its habitat.,1322,272 in stock
Cryogonal,£72.00,https://scrapeme.live/wp-content/uploads/2018/08/615-350x350.png,https://scrapeme.live/shop/Cryogonal/,"They are composed of ice crystals. They capture prey with chains of ice, freezing the prey at -148 degrees Fahrenheit.",5993,203 in stock
Shelmet,£190.00,https://scrapeme.live/wp-content/uploads/2018/08/616-350x350.png,https://scrapeme.live/shop/Shelmet/,It evolves when bathed in an electric-like energy along with Karrablast. The reason is still unknown.,8708,131 in stock
Accelgor,£129.00,https://scrapeme.live/wp-content/uploads/2018/08/617-350x350.png,https://scrapeme.live/shop/Accelgor/,"When its body dries out, it weakens. So, to prevent dehydration, it wraps itself in many layers of thin membrane.",7958,124 in stock
Stunfisk,£67.00,https://scrapeme.live/wp-content/uploads/2018/08/618-350x350.png,https://scrapeme.live/shop/Stunfisk/,"It conceals itself in the mud of the seashore. Then it waits. When prey touch it, it delivers a jolt of electricity.",2448,288 in stock
Mienfoo,£197.00,https://scrapeme.live/wp-content/uploads/2018/08/619-350x350.png,https://scrapeme.live/shop/Mienfoo/,"In fights, they dominate with onslaughts of flowing, continuous attacks. With their sharp claws, they cut enemies.",2424,82 in stock
Mienshao,£50.00,https://scrapeme.live/wp-content/uploads/2018/08/620-350x350.png,https://scrapeme.live/shop/Mienshao/,"Using the long fur on its arms like whips, it launches into combo attacks that, once started, no one can stop.",8121,253 in stock
Druddigon,£110.00,https://scrapeme.live/wp-content/uploads/2018/08/621-350x350.png,https://scrapeme.live/shop/Druddigon/,"It warms its body by absorbing sunlight with its wings. When its body temperature falls, it can no longer move.",4185,266 in stock
Golett,£89.00,https://scrapeme.live/wp-content/uploads/2018/08/622-350x350.png,https://scrapeme.live/shop/Golett/,Ancient science fashioned this Pokémon from clay. It’s been active for thousands of years.,8500,274 in stock
Golurk,£74.00,https://scrapeme.live/wp-content/uploads/2018/08/623-350x350.png,https://scrapeme.live/shop/Golurk/,It flies across the sky at Mach speeds. Removing the seal on its chest makes its internal energy go out of control.,5196,133 in stock
Pawniard,£37.00,https://scrapeme.live/wp-content/uploads/2018/08/624-350x350.png,https://scrapeme.live/shop/Pawniard/,"Ignoring their injuries, groups attack by sinking the blades that cover their bodies into their prey.",3172,58 in stock
Bisharp,£129.00,https://scrapeme.live/wp-content/uploads/2018/08/625-350x350.png,https://scrapeme.live/shop/Bisharp/,Bisharp pursues prey in the company of a large group of Pawniard. Then Bisharp finishes off the prey.,8828,255 in stock
Bouffalant,£59.00,https://scrapeme.live/wp-content/uploads/2018/08/626-350x350.png,https://scrapeme.live/shop/Bouffalant/,"Their fluffy fur absorbs damage, even if they strike foes with a fierce headbutt.",5666,201 in stock
Rufflet,£60.00,https://scrapeme.live/wp-content/uploads/2018/08/627-350x350.png,https://scrapeme.live/shop/Rufflet/,"They will challenge anything, even strong opponents, without fear. Their frequent fights help them become stronger.",8587,194 in stock
Braviary,£83.00,https://scrapeme.live/wp-content/uploads/2018/08/628-350x350.png,https://scrapeme.live/shop/Braviary/,They fight for their friends without any thought about danger to themselves. One can carry a car while flying.,1770,262 in stock
Vullaby,£61.00,https://scrapeme.live/wp-content/uploads/2018/08/629-350x350.png,https://scrapeme.live/shop/Vullaby/,Their wings are too tiny to allow them to fly. They guard their posteriors with bones that were gathered by Mandibuzz.,8446,16 in stock
Mandibuzz,£89.00,https://scrapeme.live/wp-content/uploads/2018/08/630-350x350.png,https://scrapeme.live/shop/Mandibuzz/,"Watching from the sky, they swoop to strike weakened Pokémon on the ground. They decorate themselves with bones.",7635,296 in stock
Heatmor,£81.00,https://scrapeme.live/wp-content/uploads/2018/08/631-350x350.png,https://scrapeme.live/shop/Heatmor/,"It draws in air through its tail, transforms it into fire, and uses it like a tongue. It melts Durant and eats them.",5965,299 in stock
Durant,£28.00,https://scrapeme.live/wp-content/uploads/2018/08/632-350x350.png,https://scrapeme.live/shop/Durant/,"They attack in groups, covering themselves in steel armor to protect themselves from Heatmor.",2490,272 in stock
Deino,£63.00,https://scrapeme.live/wp-content/uploads/2018/08/633-350x350.png,https://scrapeme.live/shop/Deino/,"Lacking sight, it’s unaware of its surroundings, so it bumps into things and eats anything that moves.",8088,40 in stock
Zweilous,£199.00,https://scrapeme.live/wp-content/uploads/2018/08/634-350x350.png,https://scrapeme.live/shop/Zweilous/,"After it has eaten up all the food in its territory, it moves to another area. Its two heads do not get along.",6661,69 in stock
Hydreigon,£86.00,https://scrapeme.live/wp-content/uploads/2018/08/635-350x350.png,https://scrapeme.live/shop/Hydreigon/,"It responds to movement by attacking. This scary, three-headed Pokémon devours everything in its path!",9310,299 in stock
Volcarona,£94.00,https://scrapeme.live/wp-content/uploads/2018/08/637-350x350.png,https://scrapeme.live/shop/Volcarona/,"When volcanic ash darkened the atmosphere, it is said that Volcarona’s fire provided a replacement for the sun.",6817,57 in stock
Cobalion,£111.00,https://scrapeme.live/wp-content/uploads/2018/08/638-350x350.png,https://scrapeme.live/shop/Cobalion/,It has a body and heart of steel. It worked with its allies to punish people when they hurt Pokémon.,5798,94 in stock
Terrakion,£87.00,https://scrapeme.live/wp-content/uploads/2018/08/639-350x350.png,https://scrapeme.live/shop/Terrakion/,"Spoken of in legend, this Pokémon used its phenomenal power to destroy a castle in its effort to protect Pokémon.",1701,136 in stock
Virizion,£156.00,https://scrapeme.live/wp-content/uploads/2018/08/640-350x350.png,https://scrapeme.live/shop/Virizion/,Legends say this Pokémon confounded opponents with its swift movements.,7907,161 in stock
Reshiram,£147.00,https://scrapeme.live/wp-content/uploads/2018/08/643-350x350.png,https://scrapeme.live/shop/Reshiram/,"When Reshiram’s tail flares, the heat energy moves the atmosphere and changes the world’s weather.",6531,235 in stock
Zekrom,£135.00,https://scrapeme.live/wp-content/uploads/2018/08/644-350x350.png,https://scrapeme.live/shop/Zekrom/,"Concealing itself in lightning clouds, it flies throughout the Unova region. It creates electricity in its tail.",8154,253 in stock
Genesect,£173.00,https://scrapeme.live/wp-content/uploads/2018/08/649-350x350.png,https://scrapeme.live/shop/Genesect/,This Pokémon existed 300 million years ago. Team Plasma altered it and attached a cannon to its back.,4041,30 in stock
Chespin,£185.00,https://scrapeme.live/wp-content/uploads/2018/08/650-350x350.png,https://scrapeme.live/shop/Chespin/,Such a thick shell of wood covers its head and back that even a direct hit from a truck wouldn’t faze it.,2048,267 in stock
Quilladin,£161.00,https://scrapeme.live/wp-content/uploads/2018/08/651-350x350.png,https://scrapeme.live/shop/Quilladin/,They strengthen their lower bodies by running into one another. They are very kind and won’t start fights.,7500,61 in stock
Chesnaught,£96.00,https://scrapeme.live/wp-content/uploads/2018/08/652-350x350.png,https://scrapeme.live/shop/Chesnaught/,"When it takes a defensive posture with its fists guarding its face, it could withstand a bomb blast.",5360,145 in stock
Fennekin,£123.00,https://scrapeme.live/wp-content/uploads/2018/08/653-350x350.png,https://scrapeme.live/shop/Fennekin/,"As it walks, it munches on a twig in place of a snack. It intimidates opponents by puffing hot air out of its ears.",1069,183 in stock
Braixen,£59.00,https://scrapeme.live/wp-content/uploads/2018/08/654-350x350.png,https://scrapeme.live/shop/Braixen/,"When the twig is plucked from its tail, friction sets the twig alight. The flame is used to send signals to its allies.",6617,71 in stock
Delphox,£170.00,https://scrapeme.live/wp-content/uploads/2018/08/655-350x350.png,https://scrapeme.live/shop/Delphox/,"Using psychic power, it generates a fiery vortex of 5,400 degrees Fahrenheit, incinerating foes swept into this whirl of flame.",3188,146 in stock
Froakie,£38.00,https://scrapeme.live/wp-content/uploads/2018/08/656-350x350.png,https://scrapeme.live/shop/Froakie/,"It protects its skin by covering its body in delicate bubbles. Beneath its happy-go-lucky air, it keeps a watchful eye on its surroundings.",8475,143 in stock
Frogadier,£125.00,https://scrapeme.live/wp-content/uploads/2018/08/657-350x350.png,https://scrapeme.live/shop/Frogadier/,"Its swiftness is unparalleled. It can scale a tower of more than 2,000 feet in a minute’s time.",4488,58 in stock
Greninja,£42.00,https://scrapeme.live/wp-content/uploads/2018/08/658-350x350.png,https://scrapeme.live/shop/Greninja/,"It appears and vanishes with a ninja’s grace. It toys with its enemies using swift movements, while slicing them with throwing stars of sharpest water.",1004,213 in stock
Bunnelby,£66.00,https://scrapeme.live/wp-content/uploads/2018/08/659-350x350.png,https://scrapeme.live/shop/Bunnelby/,It has ears like shovels. Digging holes strengthens its ears so much that they can sever thick roots effortlessly.,1862,194 in stock
Fletchling,£43.00,https://scrapeme.live/wp-content/uploads/2018/08/661-350x350.png,https://scrapeme.live/shop/Fletchling/,"Despite the beauty of its lilting voice, it’s merciless to intruders that enter its territory.",6897,127 in stock
Fletchinder,£147.00,https://scrapeme.live/wp-content/uploads/2018/08/662-350x350.png,https://scrapeme.live/shop/Fletchinder/,"The hotter the flame sac on its belly, the faster it can fly, but it takes some time to get the fire going.",9413,36 in stock
Talonflame,£84.00,https://scrapeme.live/wp-content/uploads/2018/08/663-350x350.png,https://scrapeme.live/shop/Talonflame/,"When attacking prey, it can reach speeds of up to 310 mph. It finishes its prey off with a colossal kick.",6530,205 in stock
Scatterbug,£40.00,https://scrapeme.live/wp-content/uploads/2018/08/664-350x350.png,https://scrapeme.live/shop/Scatterbug/,"The powder that covers its body regulates its temperature, so it can live in any region or climate.",5928,50 in stock
Spewpa,£155.00,https://scrapeme.live/wp-content/uploads/2018/08/665-350x350.png,https://scrapeme.live/shop/Spewpa/,"The beaks of bird Pokémon can’t begin to scratch its stalwart body. To defend itself, it spews powder.",2784,168 in stock
Vivillon,£177.00,https://scrapeme.live/wp-content/uploads/2018/08/666-350x350.png,https://scrapeme.live/shop/Vivillon/,The patterns on this Pokémon’s wings depend on the climate and topography of its habitat. It scatters colorful scales.,9125,208 in stock
Litleo,£34.00,https://scrapeme.live/wp-content/uploads/2018/08/667-350x350.png,https://scrapeme.live/shop/Litleo/,They set off on their own from their pride and live by themselves to become stronger. These hot-blooded Pokémon are quick to fight.,5074,288 in stock
Pyroar,£127.00,https://scrapeme.live/wp-content/uploads/2018/08/668-350x350.png,https://scrapeme.live/shop/Pyroar/,"With fiery breath of more than 10,000 degrees Fahrenheit, they viciously threaten any challenger. The females protect the pride’s cubs.",5896,38 in stock
Flabebe,£79.00,https://scrapeme.live/wp-content/uploads/2018/08/669-350x350.png,https://scrapeme.live/shop/Flabebe/,"When it finds a flower it likes, it dwells on that flower its whole life long. It floats in the wind’s embrace with an untroubled heart.",1253,24 in stock
Floette,£149.00,https://scrapeme.live/wp-content/uploads/2018/08/670-350x350.png,https://scrapeme.live/shop/Floette/,"When the flowers of a well-tended flower bed bloom, it appears and celebrates with an elegant dance.",4585,270 in stock
Florges,£93.00,https://scrapeme.live/wp-content/uploads/2018/08/671-350x350.png,https://scrapeme.live/shop/Florges/,"In times long past, governors of castles would invite Florges to create flower gardens to embellish the castle domains.",9793,25 in stock
Skiddo,£129.00,https://scrapeme.live/wp-content/uploads/2018/08/672-350x350.png,https://scrapeme.live/shop/Skiddo/,"If it has sunshine and water, it doesn’t need to eat, because it can generate energy from the leaves on its back.",5049,271 in stock
Gogoat,£97.00,https://scrapeme.live/wp-content/uploads/2018/08/673-350x350.png,https://scrapeme.live/shop/Gogoat/,They inhabit mountainous regions. The leader of the herd is decided by a battle of clashing horns.,6039,104 in stock
Pangoro,£76.00,https://scrapeme.live/wp-content/uploads/2018/08/675-350x350.png,https://scrapeme.live/shop/Pangoro/,"It charges ahead and bashes its opponents like a berserker, uncaring about any hits it might take. Its arms are mighty enough to snap a telephone pole.",3178,271 in stock
Furfrou,£165.00,https://scrapeme.live/wp-content/uploads/2018/08/676-350x350.png,https://scrapeme.live/shop/Furfrou/,"Historically, in the Kalos region, these Pokémon were the designated guardians of the king.",6858,180 in stock
Espurr,£149.00,https://scrapeme.live/wp-content/uploads/2018/08/677-350x350.png,https://scrapeme.live/shop/Espurr/,"It has enough psychic energy to blast everything within 300 feet of itself, but it has no control over its power.",6882,169 in stock
Honedge,£101.00,https://scrapeme.live/wp-content/uploads/2018/08/679-350x350.png,https://scrapeme.live/shop/Honedge/,"If anyone dares to grab its hilt, it wraps a blue cloth around that person’s arm and drains that person’s life energy completely.",2418,101 in stock
Doublade,£164.00,https://scrapeme.live/wp-content/uploads/2018/08/680-350x350.png,https://scrapeme.live/shop/Doublade/,"The complex attack patterns of its two swords are unstoppable, even for an opponent greatly accomplished at swordplay.",3642,144 in stock
Spritzee,£58.00,https://scrapeme.live/wp-content/uploads/2018/08/682-350x350.png,https://scrapeme.live/shop/Spritzee/,"In the past, rather than using perfume, royal ladies carried a Spritzee that would waft a fragrance they liked.",7207,241 in stock
Aromatisse,£194.00,https://scrapeme.live/wp-content/uploads/2018/08/683-350x350.png,https://scrapeme.live/shop/Aromatisse/,"Its scent is so overpowering that, unless a Trainer happens to really enjoy the smell, he or she will have a hard time walking alongside it.",7781,198 in stock
Swirlix,£90.00,https://scrapeme.live/wp-content/uploads/2018/08/684-350x350.png,https://scrapeme.live/shop/Swirlix/,"Because it eats nothing but sweets, its fur is as sticky sweet as cotton candy.",1694,129 in stock
Slurpuff,£66.00,https://scrapeme.live/wp-content/uploads/2018/08/685-350x350.png,https://scrapeme.live/shop/Slurpuff/,"Its sense of smell is 100 million times better than a human’s, so even the faintest scent tells it about everything in the area. It’s like it can see with its nose!",1013,262 in stock
Inkay,£38.00,https://scrapeme.live/wp-content/uploads/2018/08/686-350x350.png,https://scrapeme.live/shop/Inkay/,"It flashes the light-emitting spots on its body, which drains its opponent’s will to fight. It takes the opportunity to scuttle away and hide.",5522,167 in stock
Malamar,£58.00,https://scrapeme.live/wp-content/uploads/2018/08/687-350x350.png,https://scrapeme.live/shop/Malamar/,"It lures its prey close with hypnotic motions, then wraps its tentacles around it before finishing it off with digestive fluids.",8034,294 in stock
Binacle,£102.00,https://scrapeme.live/wp-content/uploads/2018/08/688-350x350.png,https://scrapeme.live/shop/Binacle/,"They stretch and then contract, yanking their rocks along with them in bold hops. They eat seaweed that washes up on the shoreline.",2430,143 in stock
Barbaracle,£165.00,https://scrapeme.live/wp-content/uploads/2018/08/689-350x350.png,https://scrapeme.live/shop/Barbaracle/,"Barbaracle’s legs and hands have minds of their own, and they will move independently. But they usually follow the head’s orders.",2186,123 in stock
Skrelp,£63.00,https://scrapeme.live/wp-content/uploads/2018/08/690-350x350.png,https://scrapeme.live/shop/Skrelp/,It looks just like rotten kelp. It hides from foes while storing up power for its evolution.,4439,184 in stock
Dragalge,£151.00,https://scrapeme.live/wp-content/uploads/2018/08/691-350x350.png,https://scrapeme.live/shop/Dragalge/,"Tales are told of ships that wander into seas where Dragalge live, never to return.",8707,254 in stock
Clauncher,£29.00,https://scrapeme.live/wp-content/uploads/2018/08/692-350x350.png,https://scrapeme.live/shop/Clauncher/,"Through controlled explosions of internal gas, it can expel water like a pistol shot. At close distances, it can shatter rock.",3133,152 in stock
Clawitzer,£69.00,https://scrapeme.live/wp-content/uploads/2018/08/693-350x350.png,https://scrapeme.live/shop/Clawitzer/,"By expelling water from the nozzle in the back of its claw, it can move at a speed of 60 knots.",1535,65 in stock
Helioptile,£62.00,https://scrapeme.live/wp-content/uploads/2018/08/694-350x350.png,https://scrapeme.live/shop/Helioptile/,The frills on either side of its head have cells that generate electricity when exposed to sunlight.,3461,126 in stock
Heliolisk,£83.00,https://scrapeme.live/wp-content/uploads/2018/08/695-350x350.png,https://scrapeme.live/shop/Heliolisk/,"It stimulates its muscles with electricity, boosting the strength in its legs and enabling it to run 100 yards in five seconds.",3157,43 in stock
Tyrunt,£62.00,https://scrapeme.live/wp-content/uploads/2018/08/696-350x350.png,https://scrapeme.live/shop/Tyrunt/,Its immense jaws have enough destructive force that it can chew up an automobile. It lived 100 million years ago.,6058,148 in stock
Tyrantrum,£26.00,https://scrapeme.live/wp-content/uploads/2018/08/697-350x350.png,https://scrapeme.live/shop/Tyrantrum/,"Nothing could stop this Pokémon 100 million years ago, so it behaved like a king.",2750,58 in stock
Amaura,£155.00,https://scrapeme.live/wp-content/uploads/2018/08/698-350x350.png,https://scrapeme.live/shop/Amaura/,This calm Pokémon lived in a cold land where there were no violent predators like Tyrantrum.,3786,187 in stock
Aurorus,£189.00,https://scrapeme.live/wp-content/uploads/2018/08/699-350x350.png,https://scrapeme.live/shop/Aurorus/,"Using its diamond-shaped crystals, it can instantly create a wall of ice to block an opponent’s attack.",3008,243 in stock
Sylveon,£48.00,https://scrapeme.live/wp-content/uploads/2018/08/700-350x350.png,https://scrapeme.live/shop/Sylveon/,It wraps its ribbonlike feelers around the arm of its beloved Trainer and walks with him or her.,8161,20 in stock
Hawlucha,£44.00,https://scrapeme.live/wp-content/uploads/2018/08/701-350x350.png,https://scrapeme.live/shop/Hawlucha/,"With its wings, it controls its position in the air. It likes to attack from above, a maneuver that is difficult to defend against.",2009,30 in stock
Dedenne,£118.00,https://scrapeme.live/wp-content/uploads/2018/08/702-350x350.png,https://scrapeme.live/shop/Dedenne/,"It uses its tail to absorb electricity from power plants or from outlets in houses, and then it fires the electricity from its whiskers.",3410,71 in stock
Carbink,£171.00,https://scrapeme.live/wp-content/uploads/2018/08/703-350x350.png,https://scrapeme.live/shop/Carbink/,It has slept underground for hundreds of millions of years since its birth. It’s occasionally found during the excavation of caves.,1834,290 in stock
Goomy,£110.00,https://scrapeme.live/wp-content/uploads/2018/08/704-350x350.png,https://scrapeme.live/shop/Goomy/,It’s covered in a slimy membrane that makes any punches or kicks slide off it harmlessly.,3506,122 in stock
Sliggoo,£109.00,https://scrapeme.live/wp-content/uploads/2018/08/705-350x350.png,https://scrapeme.live/shop/Sliggoo/,"Its four horns are a high-performance radar system. It uses them to sense sounds and smells, rather than using ears or a nose.",8675,232 in stock
Goodra,£192.00,https://scrapeme.live/wp-content/uploads/2018/08/706-350x350.png,https://scrapeme.live/shop/Goodra/,It attacks with retractable horns. It throws a punch that’s the equivalent of the force of a hundred pro boxers.,1614,185 in stock
Klefki,£179.00,https://scrapeme.live/wp-content/uploads/2018/08/707-350x350.png,https://scrapeme.live/shop/Klefki/,"It never lets go of a key that it likes, so people give it the keys to vaults and safes as a way to prevent crime.",2856,30 in stock
Trevenant,£53.00,https://scrapeme.live/wp-content/uploads/2018/08/709-350x350.png,https://scrapeme.live/shop/Trevenant/,"Using its roots as a nervous system, it controls the trees in the forest. It’s kind to the Pokémon that reside in its body.",3436,167 in stock
Bergmite,£119.00,https://scrapeme.live/wp-content/uploads/2018/08/712-350x350.png,https://scrapeme.live/shop/Bergmite/,"Using air of -150 degrees Fahrenheit, they freeze opponents solid. They live in herds above the snow line on mountains.",7042,248 in stock
Avalugg,£71.00,https://scrapeme.live/wp-content/uploads/2018/08/713-350x350.png,https://scrapeme.live/shop/Avalugg/,The way several Bergmite huddle on its back makes it look like an aircraft carrier made of ice.,5514,156 in stock
Noibat,£126.00,https://scrapeme.live/wp-content/uploads/2018/08/714-350x350.png,https://scrapeme.live/shop/Noibat/,"Even a robust wrestler will become dizzy and unable to stand when exposed to its 200,000-hertz ultrasonic waves.",6099,136 in stock
Noivern,£75.00,https://scrapeme.live/wp-content/uploads/2018/08/715-350x350.png,https://scrapeme.live/shop/Noivern/,The ultrasonic waves it emits from its ears can reduce a large boulder to pebbles. It swoops out of the dark to attack.,1413,159 in stock
Xerneas,£30.00,https://scrapeme.live/wp-content/uploads/2018/08/716-350x350.png,https://scrapeme.live/shop/Xerneas/,"When the horns on its head shine in seven colors, it is said to be sharing everlasting life.",6107,171 in stock
Yveltal,£59.00,https://scrapeme.live/wp-content/uploads/2018/08/717-350x350.png,https://scrapeme.live/shop/Yveltal/,"When its life comes to an end, it absorbs the life energy of every living thing and turns into a cocoon once more.",4540,215 in stock
Zygarde,£83.00,https://scrapeme.live/wp-content/uploads/2018/08/718-350x350.png,https://scrapeme.live/shop/Zygarde/,It’s thought to be monitoring the ecosystem. There are rumors that even greater power lies hidden within it.,5609,80 in stock
Diancie,£27.00,https://scrapeme.live/wp-content/uploads/2018/08/719-350x350.png,https://scrapeme.live/shop/Diancie/,It can instantly create many diamonds by compressing the carbon in the air between its hands.,1266,231 in stock
Hoopa,£189.00,https://scrapeme.live/wp-content/uploads/2018/08/720-350x350.png,https://scrapeme.live/shop/Hoopa/,"It is said to be able to seize anything it desires with its six rings and six huge arms. With its power sealed, it is transformed into a much smaller form.",3194,45 in stock
Volcanion,£45.00,https://scrapeme.live/wp-content/uploads/2018/08/721-350x350.png,https://scrapeme.live/shop/Volcanion/,It expels its internal steam from the arms on its back. It has enough power to blow away a mountain.,4693,238 in stock
Dartrix,£169.00,https://scrapeme.live/wp-content/uploads/2018/08/723-350x350.png,https://scrapeme.live/shop/Dartrix/,It throws sharp feathers called blade quills at enemies or prey. It seldom misses.,4851,169 in stock
Decidueye,£106.00,https://scrapeme.live/wp-content/uploads/2018/08/724-350x350.png,https://scrapeme.live/shop/Decidueye/,"Although basically cool and cautious, when it’s caught by surprise, it’s seized by panic.",7059,268 in stock
Litten,£132.00,https://scrapeme.live/wp-content/uploads/2018/08/725-350x350.png,https://scrapeme.live/shop/Litten/,It doesn’t allow its emotions to be easily seen. Earning its trust takes time. It prefers solitude.,6456,150 in stock
Torracat,£184.00,https://scrapeme.live/wp-content/uploads/2018/08/726-350x350.png,https://scrapeme.live/shop/Torracat/,"It boasts powerful front legs. With a single punch, it can bend an iron bar right over.",9406,186 in stock
Incineroar,£36.00,https://scrapeme.live/wp-content/uploads/2018/08/727-350x350.png,https://scrapeme.live/shop/Incineroar/,"After hurling ferocious punches and flinging furious kicks, it finishes opponents off by spewing fire from around its navel.",5027,201 in stock
Popplio,£158.00,https://scrapeme.live/wp-content/uploads/2018/08/728-350x350.png,https://scrapeme.live/shop/Popplio/,This Pokémon can control water bubbles. It practices diligently so it can learn to make big bubbles.,7912,83 in stock
Brionne,£172.00,https://scrapeme.live/wp-content/uploads/2018/08/729-350x350.png,https://scrapeme.live/shop/Brionne/,"It cares deeply for its companions. When its Trainer is feeling down, it performs a cheery dance to try and help.",9296,174 in stock
Primarina,£143.00,https://scrapeme.live/wp-content/uploads/2018/08/730-350x350.png,https://scrapeme.live/shop/Primarina/,Its singing voice is its chief weapon in battle. This Pokémon’s Trainer must prioritize the daily maintenance of its throat at all costs.,2133,36 in stock
Pikipek,£51.00,https://scrapeme.live/wp-content/uploads/2018/08/731-350x350.png,https://scrapeme.live/shop/Pikipek/,"This Pokémon feeds on berries, whose leftover seeds become the ammunition for the attacks it fires off from its mouth.",3914,246 in stock
Trumbeak,£59.00,https://scrapeme.live/wp-content/uploads/2018/08/732-350x350.png,https://scrapeme.live/shop/Trumbeak/,"By bending its beak, it can produce a variety of calls and brand itself a noisy nuisance for its neighbors.",2185,30 in stock
Toucannon,£77.00,https://scrapeme.live/wp-content/uploads/2018/08/733-350x350.png,https://scrapeme.live/shop/Toucannon/,"Within its beak, its internal gas ignites, explosively launching seeds with enough power to pulverize boulders.",9306,176 in stock
Yungoos,£159.00,https://scrapeme.live/wp-content/uploads/2018/08/734-350x350.png,https://scrapeme.live/shop/Yungoos/,"It wanders around in a never-ending search for food. At dusk, it collapses from exhaustion and falls asleep on the spot.",1383,180 in stock
Gumshoos,£123.00,https://scrapeme.live/wp-content/uploads/2018/08/735-350x350.png,https://scrapeme.live/shop/Gumshoos/,"It adores having Rattata and Raticate for dinner, but as it’s diurnal, it never encounters them. This Pokémon boasts incredible patience.",3078,125 in stock
Grubbin,£77.00,https://scrapeme.live/wp-content/uploads/2018/08/736-350x350.png,https://scrapeme.live/shop/Grubbin/,They often gather near places frequented by electric Pokémon in order to avoid being attacked by bird Pokémon.,3728,47 in stock
Charjabug,£76.00,https://scrapeme.live/wp-content/uploads/2018/08/737-350x350.png,https://scrapeme.live/shop/Charjabug/,"From the food it digests, it generates electricity, and it stores this energy in its electric sac.",8497,21 in stock
Vikavolt,£88.00,https://scrapeme.live/wp-content/uploads/2018/08/738-350x350.png,https://scrapeme.live/shop/Vikavolt/,It produces electricity via an electrical organ in its abdomen. It overwhelms bird Pokémon with shocking beams of electrical energy.,8322,62 in stock
Crabrawler,£181.00,https://scrapeme.live/wp-content/uploads/2018/08/739-350x350.png,https://scrapeme.live/shop/Crabrawler/,"It punches so much, its pincers often come off from overuse, but they grow back quickly. What little meat they contain is rich and delicious.",5483,212 in stock
Crabominable,£65.00,https://scrapeme.live/wp-content/uploads/2018/08/740-350x350.png,https://scrapeme.live/shop/Crabominable/,"It just throws punches indiscriminately. In times of desperation, it can lop off its own pincers and fire them like rockets.",3027,188 in stock
Cutiefly,£118.00,https://scrapeme.live/wp-content/uploads/2018/08/742-350x350.png,https://scrapeme.live/shop/Cutiefly/,Myriads of Cutiefly flutter above the heads of people who have auras resembling those of flowers.,3090,23 in stock
Ribombee,£100.00,https://scrapeme.live/wp-content/uploads/2018/08/743-350x350.png,https://scrapeme.live/shop/Ribombee/,Some of Ribombee’s pollen puffs are highly nutritious. They are sometimes sold as supplements.,4694,233 in stock
Rockruff,£149.00,https://scrapeme.live/wp-content/uploads/2018/08/744-350x350.png,https://scrapeme.live/shop/Rockruff/,This Pokémon has lived with people since times long ago. It can sense when its Trainer is in the dumps and will stick close by its Trainer’s side.,9049,296 in stock
Mareanie,£47.00,https://scrapeme.live/wp-content/uploads/2018/08/747-350x350.png,https://scrapeme.live/shop/Mareanie/,It’s found crawling on beaches and seafloors. The coral that grows on Corsola’s head is as good as a five-star banquet to this Pokémon.,2097,99 in stock
Toxapex,£91.00,https://scrapeme.live/wp-content/uploads/2018/08/748-350x350.png,https://scrapeme.live/shop/Toxapex/,"Those attacked by Toxapex’s poison will suffer intense pain for three days and three nights. Post-recovery, there will be some aftereffects.",2160,37 in stock
Mudbray,£96.00,https://scrapeme.live/wp-content/uploads/2018/08/749-350x350.png,https://scrapeme.live/shop/Mudbray/,"It has a stubborn, individualistic disposition. Eating dirt, making mud, and playing in the mire all form part of its daily routine.",9977,117 in stock
Mudsdale,£111.00,https://scrapeme.live/wp-content/uploads/2018/08/750-350x350.png,https://scrapeme.live/shop/Mudsdale/,"Its heavy, mud-covered kicks are its best means of attack, and it can reduce large trucks to scrap without breaking a sweat.",6401,136 in stock
Dewpider,£84.00,https://scrapeme.live/wp-content/uploads/2018/08/751-350x350.png,https://scrapeme.live/shop/Dewpider/,"When it comes across enemies or potential prey, this Pokémon smashes its water-bubble-covered head into them.",1034,23 in stock
Araquanid,£48.00,https://scrapeme.live/wp-content/uploads/2018/08/752-350x350.png,https://scrapeme.live/shop/Araquanid/,"Despite what its appearance suggests, it cares for others. If it finds vulnerable, weak Pokémon, it protectively brings them into its water bubble.",8489,281 in stock
Fomantis,£104.00,https://scrapeme.live/wp-content/uploads/2018/08/753-350x350.png,https://scrapeme.live/shop/Fomantis/,They give off a sweet and refreshing scent. Cutiefly often gather near the tall grass where Fomantis are hiding.,9109,209 in stock
Lurantis,£159.00,https://scrapeme.live/wp-content/uploads/2018/08/754-350x350.png,https://scrapeme.live/shop/Lurantis/,It fires beams from its sickle-shaped petals. These beams are powerful enough to cleave through thick metal plates.,1903,269 in stock
Morelull,£87.00,https://scrapeme.live/wp-content/uploads/2018/08/755-350x350.png,https://scrapeme.live/shop/Morelull/,"As it drowses the day away, it nourishes itself by sucking from tree roots. It wakens at the fall of night, wandering off in search of a new tree.",8895,71 in stock
Shiinotic,£75.00,https://scrapeme.live/wp-content/uploads/2018/08/756-350x350.png,https://scrapeme.live/shop/Shiinotic/,"It emits flickering spores that cause drowsiness. When its prey succumb to sleep, this Pokémon feeds on them by sucking in their energy.",1758,123 in stock
Salandit,£158.00,https://scrapeme.live/wp-content/uploads/2018/08/757-350x350.png,https://scrapeme.live/shop/Salandit/,"Volcanoes or dry, craggy places are its home. It emanates a sweet-smelling poisonous gas that attracts bug Pokémon, then attacks them.",7448,54 in stock
Salazzle,£166.00,https://scrapeme.live/wp-content/uploads/2018/08/758-350x350.png,https://scrapeme.live/shop/Salazzle/,"Filled with pheromones, its poisonous gas can be diluted to use in the production of luscious perfumes.",4114,142 in stock
Stufful,£70.00,https://scrapeme.live/wp-content/uploads/2018/08/759-350x350.png,https://scrapeme.live/shop/Stufful/,A touch from anyone except a known friend sends it into a surging frenzy. It’s an incredibly dangerous Pokémon.,6729,69 in stock
Bewear,£117.00,https://scrapeme.live/wp-content/uploads/2018/08/760-350x350.png,https://scrapeme.live/shop/Bewear/,This Pokémon has the habit of hugging its companions. Many Trainers have left this world after their spines were squashed by its hug.,7159,96 in stock
Bounsweet,£193.00,https://scrapeme.live/wp-content/uploads/2018/08/761-350x350.png,https://scrapeme.live/shop/Bounsweet/,"Although it’s too sugary for human consumption, Bounsweet’s sweat can be watered down into a juice with just the right amount of sweetness.",6963,76 in stock
Steenee,£27.00,https://scrapeme.live/wp-content/uploads/2018/08/762-350x350.png,https://scrapeme.live/shop/Steenee/,This Pokémon is always bouncing around energetically. Other Pokémon are attracted by its lively appearance and pleasant aroma.,9509,30 in stock
Tsareena,£186.00,https://scrapeme.live/wp-content/uploads/2018/08/763-350x350.png,https://scrapeme.live/shop/Tsareena/,"A Pokémon known for the beauty of its well-shaped legs, it sometimes appears as a mascot in advertisements for beauty salons.",1097,96 in stock
Comfey,£28.00,https://scrapeme.live/wp-content/uploads/2018/08/764-350x350.png,https://scrapeme.live/shop/Comfey/,"Baths prepared with the flowers from its vine have a relaxing effect, so this Pokémon is a hit with many people.",1719,266 in stock
Oranguru,£139.00,https://scrapeme.live/wp-content/uploads/2018/08/765-350x350.png,https://scrapeme.live/shop/Oranguru/,"Deep in the jungle, high in the lofty canopy, this Pokémon abides. On rare occasions, it shows up at the beach to match wits with Slowking.",6539,241 in stock
Passimian,£182.00,https://scrapeme.live/wp-content/uploads/2018/08/766-350x350.png,https://scrapeme.live/shop/Passimian/,"They battle with hard berries for weapons. Their techniques are passed from the boss to the group, generation upon generation.",8046,144 in stock
Wimpod,£137.00,https://scrapeme.live/wp-content/uploads/2018/08/767-350x350.png,https://scrapeme.live/shop/Wimpod/,"Its habitat varies from beaches to seabeds. A natural scavenger, it will gleefully chow down on anything edible, no matter how rotten.",2207,87 in stock
Golisopod,£32.00,https://scrapeme.live/wp-content/uploads/2018/08/768-350x350.png,https://scrapeme.live/shop/Golisopod/,"It battles skillfully with its six arms, but spends most of its time peacefully meditating in caves deep beneath the sea.",6420,10 in stock
Sandygast,£131.00,https://scrapeme.live/wp-content/uploads/2018/08/769-350x350.png,https://scrapeme.live/shop/Sandygast/,It takes control of anyone who puts a hand in its mouth. And so it adds to the accumulation of its sand-mound body.,7020,276 in stock
Palossand,£187.00,https://scrapeme.live/wp-content/uploads/2018/08/770-350x350.png,https://scrapeme.live/shop/Palossand/,Buried beneath the castle are masses of dried-up bones from those whose vitality it has drained.,8991,19 in stock
Pyukumuku,£97.00,https://scrapeme.live/wp-content/uploads/2018/08/771-350x350.png,https://scrapeme.live/shop/Pyukumuku/,These Pokémon line the beaches. The sticky mucous that covers their bodies can be used to soothe sunburned skin. How convenient!,3988,191 in stock
Silvally,£133.00,https://scrapeme.live/wp-content/uploads/2018/08/773-350x350.png,https://scrapeme.live/shop/Silvally/,"Although its name was Type: Null at first, the boy who evolved it into this form gave it the name by which it is now known.",5805,64 in stock
Komala,£65.00,https://scrapeme.live/wp-content/uploads/2018/08/775-350x350.png,https://scrapeme.live/shop/Komala/,The log it holds was given to it by its parents at birth. It has also been known to cling to the arm of a friendly Trainer.,4350,231 in stock
Turtonator,£117.00,https://scrapeme.live/wp-content/uploads/2018/08/776-350x350.png,https://scrapeme.live/shop/Turtonator/,It gushes fire and poisonous gases from its nostrils. Its dung is an explosive substance and can be put to various uses.,4932,16 in stock
Togedemaru,£45.00,https://scrapeme.live/wp-content/uploads/2018/08/777-350x350.png,https://scrapeme.live/shop/Togedemaru/,The long hairs on its back act as lightning rods. The bolts of lightning it attracts are stored as energy in its electric sac.,9583,78 in stock
Drampa,£133.00,https://scrapeme.live/wp-content/uploads/2018/08/780-350x350.png,https://scrapeme.live/shop/Drampa/,This Pokémon is friendly to people and loves children most of all. It comes from deep in the mountains to play with children it likes in town.,7808,245 in stock
Jangmo-o,£107.00,https://scrapeme.live/wp-content/uploads/2018/08/782-350x350.png,https://scrapeme.live/shop/Jangmo-o/,They live in mountains where no trace of humans can be detected. Jangmo-o grow little by little as they battle one another.,9665,140 in stock
Hakamo-o,£57.00,https://scrapeme.live/wp-content/uploads/2018/08/783-350x350.png,https://scrapeme.live/shop/Hakamo-o/,It sheds and regrows its scales on a continuous basis. The scales become harder and sharper each time they’re regrown.,9648,288 in stock
Kommo-o,£170.00,https://scrapeme.live/wp-content/uploads/2018/08/784-350x350.png,https://scrapeme.live/shop/Kommo-o/,"Its rigid scales function as offense and defense. In the past, its scales were processed and used to make weapons and other commodities.",3513,121 in stock
Tapu-koko,£159.00,https://scrapeme.live/wp-content/uploads/2018/08/785-350x350.png,https://scrapeme.live/shop/Tapu-koko/,It confuses its enemies by flying too quickly for the eye to follow. It has a hair-trigger temper but forgets what made it angry an instant later.,9744,215 in stock
Tapu-lele,£62.00,https://scrapeme.live/wp-content/uploads/2018/08/786-350x350.png,https://scrapeme.live/shop/Tapu-lele/,"As it flutters about, it scatters its strangely glowing scales. Touching them is said to restore good health on the spot.",3073,71 in stock
Tapu-bulu,£165.00,https://scrapeme.live/wp-content/uploads/2018/08/787-350x350.png,https://scrapeme.live/shop/Tapu-bulu/,The guardian deity of Ula’ula is a lazy Pokémon. It commands plants to immobilize its foes and then deals them a savage blow with its horns.,2204,175 in stock
Tapu-fini,£123.00,https://scrapeme.live/wp-content/uploads/2018/08/788-350x350.png,https://scrapeme.live/shop/Tapu-fini/,"The guardian deity of Poni, it can control water. People say it can create pure water that will wash away any uncleanness.",5525,206 in stock
Solgaleo,£125.00,https://scrapeme.live/wp-content/uploads/2018/08/791-350x350.png,https://scrapeme.live/shop/Solgaleo/,"This Pokémon is said to be a male evolution of Cosmog. At the activation of its third eye, it departs for another world.",4928,260 in stock
Lunala,£58.00,https://scrapeme.live/wp-content/uploads/2018/08/792-350x350.png,https://scrapeme.live/shop/Lunala/,"Said to live in another world, this Pokémon devours light, drawing the moonless dark veil of night over the brightness of day.",3888,195 in stock
Nihilego,£67.00,https://scrapeme.live/wp-content/uploads/2018/08/793-350x350.png,https://scrapeme.live/shop/Nihilego/,"One of the Ultra Beasts. It’s unclear whether or not this Pokémon is sentient, but sometimes it can be observed behaving like a young girl.",6763,180 in stock
Buzzwole,£172.00,https://scrapeme.live/wp-content/uploads/2018/08/794-350x350.png,https://scrapeme.live/shop/Buzzwole/,A mysterious life-form called an Ultra Beast. Witnesses saw it pulverize a dump truck with a single punch.,5256,43 in stock
Pheromosa,£62.00,https://scrapeme.live/wp-content/uploads/2018/08/795-350x350.png,https://scrapeme.live/shop/Pheromosa/,"One of the Ultra Beasts. It refuses to touch anything, perhaps because it senses some uncleanness in this world.",4102,254 in stock
Xurkitree,£174.00,https://scrapeme.live/wp-content/uploads/2018/08/796-350x350.png,https://scrapeme.live/shop/Xurkitree/,"It appeared from the Ultra Wormhole. It raided a power plant, so people think it energizes itself with electricity.",3791,120 in stock
Celesteela,£151.00,https://scrapeme.live/wp-content/uploads/2018/08/797-350x350.png,https://scrapeme.live/shop/Celesteela/,One kind of Ultra Beast. Witnesses have seen it burn down a forest by expelling gas from its two arms.,9458,58 in stock
Kartana,£197.00,https://scrapeme.live/wp-content/uploads/2018/08/798-350x350.png,https://scrapeme.live/shop/Kartana/,"One of the Ultra Beast life-forms, it was observed cutting down a gigantic steel tower with one stroke of its blade.",8035,77 in stock
Guzzlord,£73.00,https://scrapeme.live/wp-content/uploads/2018/08/799-350x350.png,https://scrapeme.live/shop/Guzzlord/,"A dangerous Ultra Beast, it appears to be eating constantly, but for some reason its droppings have never been found.",3767,54 in stock
Necrozma,£68.00,https://scrapeme.live/wp-content/uploads/2018/08/800-350x350.png,https://scrapeme.live/shop/Necrozma/,Light is apparently the source of its energy. It has an extraordinarily vicious disposition and is constantly firing off laser beams.,6307,141 in stock
Marshadow,£107.00,https://scrapeme.live/wp-content/uploads/2018/08/802-350x350.png,https://scrapeme.live/shop/Marshadow/,"It sinks into the shadows of people and Pokémon, where it can understand their feelings and copy their capabilities.",1160,250 in stock
Poipole,£130.00,https://scrapeme.live/wp-content/uploads/2018/08/803-350x350.png,https://scrapeme.live/shop/Poipole/,"An Ultra Beast that lives in a different world, it cackles wildly as it sprays its opponents with poison from the needles on its head.",1771,21 in stock
Naganadel,£30.00,https://scrapeme.live/wp-content/uploads/2018/08/804-350x350.png,https://scrapeme.live/shop/Naganadel/,"One kind of Ultra Beast, it fires a glowing, venomous liquid from its needles. This liquid is also immensely adhesive.",9798,255 in stock
Stakataka,£190.00,https://scrapeme.live/wp-content/uploads/2018/08/805-350x350.png,https://scrapeme.live/shop/Stakataka/,"When stone walls started moving and attacking, the brute’s true identity was this mysterious life-form, which brings to mind an Ultra Beast.",1947,210 in stock
Blacephalon,£149.00,https://scrapeme.live/wp-content/uploads/2018/08/806-350x350.png,https://scrapeme.live/shop/Blacephalon/,"A UB that appeared from an Ultra Wormhole, it causes explosions, then takes advantage of opponents’ surprise to rob them of their vitality.",8843,205 in stock
